researcher_id,openalex_id,orcid,full_name,name_variants,openalex_profile_url,identity_status,identity_confidence,identity_match_method,institution_id,institution_name_raw,institution_name_normalized,institution_country_code,institution_type,publication_count,works_count_source,citation_count,h_index,first_publication_year,latest_publication_year,career_span_years,publications_last_3y,publications_last_5y,avg_citations_per_work,publication_cagr_3y,spatial_transcriptomics_flag,spatial_transcriptomics_count,single_cell_flag,single_cell_count,visium_flag,visium_count,xenium_flag,xenium_count,merfish_flag,merfish_count,slide_seq_flag,slide_seq_count,atac_seq_flag,atac_seq_count,multiome_flag,multiome_count,ngs_flag,technology_diversity_count,technology_recency_year,unique_coauthor_count,institution_collaboration_count,primary_source,evidence_count,feature_completeness_rate,record_quality_score,collection_run_id,pipeline_version,ontology_version,feature_dictionary_version,collected_at,validation_issue_count,warning_count
A5000694290,A5000694290,0000-0002-6943-5948,Yeun‐Jun Chung,Chung Yeun-Jun|Y Chung|Y J Chung|Y. J. Chung|Y.-J. Chung|Y.J. Chung|YEUN-JUN CHUNG|Yeun-Jun Chung|Yeun‐Jun Chung|Yeun–Jun Chung,https://openalex.org/A5000694290,verified,1.0,provided_openalex_id,I87111246,Catholic University of Korea,Catholic University of Korea,KR,education,282,OpenAlex,4972,39,1996,2026,31,30,85,17.6312,-0.5775,1,1,1,32,0,0,0,0,0,0,0,0,0,0,0,0,1,3,2026,887,253,OpenAlex,73,1.0,100.0,20260731T085741Z,1.1.0,1.1,1.1,2026-07-31T08:57:41.782804+00:00,0,0
A5000858768,A5000858768,0000-0002-6699-5202,Ji‐Hye Park,"J. Park|J.-H. Park|J.‐H. Park|JI-HYE PARK|Ji Hye Park|Ji-Hye PARK|Ji-Hye Park|Ji-hye Park|Jihye Park|Ji‐Hye PARK|Ji‐Hye Park|Park, J.-H.|Park, Ji Hye|Park, Ji-Hye",https://openalex.org/A5000858768,verified,1.0,provided_openalex_id,I2802194831,Samsung Medical Center,Samsung Medical Center,KR,healthcare,612,OpenAlex,8026,46,1998,2026,29,67,130,13.1144,-0.1728,1,5,1,16,0,0,0,0,0,0,0,0,0,0,0,0,1,3,2025,1655,288,OpenAlex,72,1.0,100.0,20260731T085741Z,1.1.0,1.1,1.1,2026-07-31T08:57:41.782804+00:00,0,0
A5000867275,A5000867275,0009-0006-3045-5657,Hae Seul Lee,H Lee|Hae Seul Lee,https://openalex.org/A5000867275,verified,1.0,provided_openalex_id,I4210149111,Pusan National University Yangsan Hospital,Pusan National University Yangsan Hospital,KR,healthcare,6,OpenAlex,70,3,2011,2026,16,5,5,11.6667,5.0,1,2,0,0,1,1,0,0,0,0,0,0,0,0,0,0,0,2,2024,61,17,OpenAlex,72,1.0,100.0,20260731T085741Z,1.1.0,1.1,1.1,2026-07-31T08:57:41.782804+00:00,0,0
A5001441680,A5001441680,0000-0003-0820-6233,Ji Young Mun,"J Y Mun|Ji Mun|Ji Young MUN|Ji Young Mun|Jimin Mun|Ji Young Mun|Ji Young Mun|Mun, Ji Young",https://openalex.org/A5001441680,verified,1.0,provided_openalex_id,I4210155455,Korea Brain Research Institute,Korea Brain Research Institute,KR,facility,156,OpenAlex,4993,36,2000,2026,27,25,46,32.0064,-0.2424,0,0,0,0,0,0,0,0,0,0,0,0,0,0,0,0,1,1,2017,773,216,OpenAlex,72,1.0,100.0,20260731T085741Z,1.1.0,1.1,1.1,2026-07-31T08:57:41.782804+00:00,0,0
A5001973152,A5001973152,0000-0002-4634-5974,Yoori Choi,"Choi, Yoori|Y Choi|Y. B. Choi|Y. Choi|Yoori Choi",https://openalex.org/A5001973152,verified,1.0,provided_openalex_id,I118373667,Seoul National University of Science and Technology,Seoul National University of Science and Technology,KR,education,61,OpenAlex,1234,16,1991,2026,36,14,28,20.2295,-0.2222,1,13,1,4,1,2,0,0,0,0,0,0,0,0,0,0,0,3,2024,193,61,OpenAlex,73,1.0,100.0,20260731T085741Z,1.1.0,1.1,1.1,2026-07-31T08:57:41.782804+00:00,0,0
A5003517879,A5003517879,0000-0001-5800-8038,Young‐Koo Jee,Y Jee|Y K Jee|Y K. Jee|Y-K. Jee|Y. Jee|Y. K. JEE|Y. K. Jee|Y.-K. Jee|Y.K. Jee|Y.‐K. Jee|Young Jee|Young Koo Jee|Young-Koo Jee|Youngkoo Jee|Young‐Koo Jee|Yung-Koo Jee,https://openalex.org/A5003517879,verified,1.0,provided_openalex_id,I89015989,Dankook University,Dankook University,KR,education,192,OpenAlex,5567,37,1990,2025,36,4,10,28.9948,-0.4286,0,0,0,0,0,0,0,0,0,0,0,0,0,0,0,0,1,1,2019,832,199,OpenAlex,73,1.0,100.0,20260731T085741Z,1.1.0,1.1,1.1,2026-07-31T08:57:41.782804+00:00,0,0
A5004152384,A5004152384,0000-0002-3974-1290,Joonho Shim,J. H. Shim|J.-H Shim|J.-H. SHIM|J.-H. Shim|J.H. Shim|JOON HO SHIM|Joon Ho Shim|Joon-Ho Shim|Joonho Shim|Joonho shim,https://openalex.org/A5004152384,verified,1.0,provided_openalex_id,I240707841,Instituto Benjamin Constant,Instituto Benjamin Constant,BR,government,102,OpenAlex,1373,21,2002,2026,25,20,46,13.4608,-0.3548,1,8,1,19,0,0,0,0,0,0,0,0,0,0,1,1,1,4,2026,379,68,OpenAlex,71,1.0,100.0,20260731T085741Z,1.1.0,1.1,1.1,2026-07-31T08:57:41.782804+00:00,0,0
A5004427808,A5004427808,0000-0001-9447-7579,Taeyun Ku,"Ku, Taeyun|T. C. Ku|T.S. Ku|Taeyun Ku",https://openalex.org/A5004427808,verified,1.0,provided_openalex_id,I157485424,Korea Advanced Institute of Science and Technology,Korea Advanced Institute of Science and Technology,KR,education,56,OpenAlex,3513,20,1961,2026,66,12,20,62.7321,0.0909,1,5,1,4,0,0,0,0,0,0,0,0,0,0,1,1,0,3,2024,316,82,OpenAlex,73,1.0,100.0,20260731T085741Z,1.1.0,1.1,1.1,2026-07-31T08:57:41.782804+00:00,0,0
A5005712891,A5005712891,0000-0002-7101-0236,Jang Hoon Lee,JANG H. LEE|JANG HOON LEE|JANG-HOON LEE|Jang H. Lee|Jang Hoon Lee|Jang hoon Lee|Jang-Hoon LEE|Jang-Hoon Lee|Jang-hoon Lee|Jang Hoon Lee|Jang‐Hoon LEE,https://openalex.org/A5005712891,verified,1.0,provided_openalex_id,I2801673063,Kyungpook National University Hospital,Kyungpook National University Hospital,KR,healthcare,306,OpenAlex,3125,30,1986,2026,41,24,61,10.2124,-0.5472,0,0,0,0,0,0,0,0,0,0,0,0,0,0,0,0,1,1,2025,827,166,OpenAlex,72,1.0,100.0,20260731T085741Z,1.1.0,1.1,1.1,2026-07-31T08:57:41.782804+00:00,0,0
A5006671739,A5006671739,,Rosalind H. Lee,Rosalind H Lee|Rosalind H. Lee,https://openalex.org/A5006671739,verified,1.0,provided_openalex_id,I39534123,Gwangju Institute of Science and Technology,Gwangju Institute of Science and Technology,KR,education,3,OpenAlex,99,2,2023,2026,4,2,3,33.0,1.0,1,5,1,7,0,0,0,0,0,0,0,0,1,1,1,2,0,4,2026,21,8,OpenAlex,71,1.0,100.0,20260731T085741Z,1.1.0,1.1,1.1,2026-07-31T08:57:41.782804+00:00,0,0
A5007465704,A5007465704,0000-0003-1908-0824,Hae Ryoun Park,"C. Park|ChaeWon Park|H R Park|H. R. Park|H.R. Park|H.‐R. Park|HAE RYOUN PARK|Hae Park|Hae R. Park|Hae Ryon Park|Hae Ryoun Park|Hae-Ryoun Park|HaeRyoun Park|Haeryoun Park|Hae‐Ryoun Park|Park, Hae|Park, Hae Ryoun",https://openalex.org/A5007465704,verified,1.0,provided_openalex_id,I4921948,Pusan National University,Pusan National University,KR,education,165,OpenAlex,2808,29,1995,2026,32,27,56,17.0182,-0.3077,1,2,1,14,1,1,0,0,0,0,0,0,0,0,0,0,1,4,2026,441,73,OpenAlex,73,1.0,100.0,20260731T085741Z,1.1.0,1.1,1.1,2026-07-31T08:57:41.782804+00:00,0,0
A5008352862,A5008352862,0000-0001-6325-3548,In Hye Song,I H Song|I.-H. Song|I.H. Song|IN HYE SONG|In Hye Song|In-Ho Song|In-Hye Song|In‐Hye Song,https://openalex.org/A5008352862,verified,1.0,provided_openalex_id,I116631150,Ulsan College,Ulsan College,KR,education,127,OpenAlex,3053,30,2006,2026,21,40,50,24.0394,1.0,1,3,1,1,1,1,0,0,0,0,0,0,0,0,0,0,1,4,2024,523,155,OpenAlex,73,1.0,100.0,20260731T085741Z,1.1.0,1.1,1.1,2026-07-31T08:57:41.782804+00:00,0,0
A5009259352,A5009259352,0000-0002-6575-8870,Jamshid Abdul‐Ghafar,J. Abdul-Ghafar|JAMSHID ABDUL-GHAFAR|Jamshid Abdul-Ghafar|Jamshid Abdul-ghafar|Jamshid Abdul‐Ghafar,https://openalex.org/A5009259352,verified,1.0,provided_openalex_id,I3130921879,Kabul Medical University,Kabul Medical University,AF,education,110,OpenAlex,1640,22,2010,2026,17,38,63,14.9091,-0.1739,0,0,1,37,0,0,0,0,0,0,0,0,0,0,0,0,0,1,2026,246,65,OpenAlex,72,1.0,100.0,20260731T085741Z,1.1.0,1.1,1.1,2026-07-31T08:57:41.782804+00:00,0,0
A5009706510,A5009706510,0000-0002-5846-6087,Muhammad Joan Ailia,M. J. Ailia|Muhammad Joan Ailia,https://openalex.org/A5009706510,verified,1.0,provided_openalex_id,I4921948,Pusan National University,Pusan National University,KR,education,7,OpenAlex,122,6,2017,2023,7,0,5,17.4286,-1.0,0,0,0,0,0,0,0,0,0,0,0,0,0,0,0,0,0,0,,17,6,OpenAlex,72,1.0,100.0,20260731T085741Z,1.1.0,1.1,1.1,2026-07-31T08:57:41.782804+00:00,0,0
A5011174551,A5011174551,,Eunmin Kim,"Eunmin Kim|Kim, Eunmin|Kyounghee Lim",https://openalex.org/A5011174551,verified,1.0,provided_openalex_id,I193775966,Yonsei University,Yonsei University,KR,education,33,OpenAlex,758,13,2004,2026,23,11,19,22.9697,0.0,1,1,1,2,0,0,0,0,0,0,0,0,0,0,0,0,0,2,2022,231,68,OpenAlex,71,1.0,100.0,20260731T085741Z,1.1.0,1.1,1.1,2026-07-31T08:57:41.782804+00:00,0,0
A5011272746,A5011272746,0000-0001-7388-2989,Yun‐Gon Kim,Young Hwan Kim|Yun-Gon Kim|Yun‐Gon Kim,https://openalex.org/A5011272746,verified,1.0,provided_openalex_id,I141371507,Soongsil University,Soongsil University,KR,education,190,OpenAlex,7062,40,1995,2026,32,10,26,37.1684,-0.6875,0,0,1,6,0,0,0,0,0,0,0,0,0,0,1,3,0,2,2020,462,112,OpenAlex,73,1.0,100.0,20260731T085741Z,1.1.0,1.1,1.1,2026-07-31T08:57:41.782804+00:00,0,0
A5011818793,A5011818793,0000-0002-3995-355X,Jin Roh,"J. Kyung Roh|JIN ROH|Jin Kyung Roh|Jin Roh|Roh Jin|Roh, Jin|Roh, Jin Kyung",https://openalex.org/A5011818793,verified,1.0,provided_openalex_id,I116631150,Ulsan College,Ulsan College,KR,education,103,OpenAlex,2030,22,2007,2026,20,20,36,19.7087,-0.2593,1,5,1,7,1,1,0,0,0,0,0,0,0,0,0,0,1,4,2026,457,81,OpenAlex,73,1.0,100.0,20260731T085741Z,1.1.0,1.1,1.1,2026-07-31T08:57:41.782804+00:00,0,0
A5011844783,A5011844783,0000-0002-5073-3451,Jeongbin Park,Jeong-Bin Park|Jeongbin Park,https://openalex.org/A5011844783,verified,1.0,provided_openalex_id,I139264467,Seoul National University,Seoul National University,KR,education,29,OpenAlex,185,7,2020,2025,6,16,26,6.3793,0.4545,1,38,1,16,1,5,0,0,0,0,0,0,0,0,0,0,0,3,2025,98,35,OpenAlex,73,1.0,100.0,20260731T085741Z,1.1.0,1.1,1.1,2026-07-31T08:57:41.782804+00:00,0,0
A5012763936,A5012763936,0000-0002-7202-5093,Pratyush Kumar Mishra,P.K. Mishra|Pratryush Kumar Mishra|Pratyush Kumar Mishra,https://openalex.org/A5012763936,verified,1.0,provided_openalex_id,I139264467,Seoul National University,Seoul National University,KR,education,16,OpenAlex,423,10,1996,2025,30,3,7,26.4375,-0.4,0,0,0,0,0,0,0,0,0,0,0,0,0,0,0,0,0,0,,51,20,OpenAlex,72,1.0,100.0,20260731T085741Z,1.1.0,1.1,1.1,2026-07-31T08:57:41.782804+00:00,0,0
A5013823921,A5013823921,0000-0002-4691-8875,Yi Sun Choi,Yi Sun Choi,https://openalex.org/A5013823921,verified,1.0,provided_openalex_id,I193775966,Yonsei University,Yonsei University,KR,education,26,OpenAlex,1551,16,2017,2024,8,3,8,59.6538,-0.7692,0,0,0,0,0,0,0,0,0,0,0,0,0,0,0,0,0,0,,100,35,OpenAlex,72,1.0,100.0,20260731T085741Z,1.1.0,1.1,1.1,2026-07-31T08:57:41.782804+00:00,0,0
A5014147627,A5014147627,0000-0003-3794-1149,Junho K. Hur,"Hur, Junho K.|J. Hur|J.K. Hur|JUNHO K. HUR|Junho  K. Hur|Junho HUR|Junho Hur|Junho K Hur|Junho K. Hur|Junho K. Hur",https://openalex.org/A5014147627,verified,1.0,provided_openalex_id,I4575257,Hanyang University,Hanyang University,KR,education,122,OpenAlex,3448,29,2000,2026,27,52,74,28.2623,0.8571,1,5,1,7,0,0,0,0,0,0,0,0,1,1,1,1,1,5,2026,501,124,OpenAlex,73,1.0,100.0,20260731T085741Z,1.1.0,1.1,1.1,2026-07-31T08:57:41.782804+00:00,0,0
A5014354862,A5014354862,0000-0002-6542-6526,Dagyeong Lee,Dagyeong Lee,https://openalex.org/A5014354862,verified,1.0,provided_openalex_id,I16764540,University of Suwon,University of Suwon,KR,education,15,OpenAlex,418,9,2019,2025,7,7,12,27.8667,0.1667,1,6,1,2,1,2,0,0,0,0,0,0,0,0,0,0,0,3,2024,72,33,OpenAlex,73,1.0,100.0,20260731T085741Z,1.1.0,1.1,1.1,2026-07-31T08:57:41.782804+00:00,0,0
A5015062816,A5015062816,0000-0003-2539-7836,Hyunsu An,"An, Hyunsu|Hyun-Su An|Hyunsu An",https://openalex.org/A5015062816,verified,1.0,provided_openalex_id,I39534123,Gwangju Institute of Science and Technology,Gwangju Institute of Science and Technology,KR,education,20,OpenAlex,645,6,2020,2025,6,12,18,32.25,0.7143,0,0,1,27,0,0,0,0,0,0,0,0,0,0,1,7,0,2,2025,68,18,OpenAlex,73,1.0,100.0,20260731T085741Z,1.1.0,1.1,1.1,2026-07-31T08:57:41.782804+00:00,0,0
A5016008254,A5016008254,0000-0003-1281-7002,Christian Macks,Christian Macks|Christian P. Macks,https://openalex.org/A5016008254,verified,1.0,provided_openalex_id,I157485424,Korea Advanced Institute of Science and Technology,Korea Advanced Institute of Science and Technology,KR,education,12,OpenAlex,377,8,2016,2025,10,1,5,31.4167,-0.75,1,5,0,0,0,0,0,0,0,0,0,0,0,0,1,1,0,2,2023,38,15,OpenAlex,73,1.0,100.0,20260731T085741Z,1.1.0,1.1,1.1,2026-07-31T08:57:41.782804+00:00,0,0
A5016338335,A5016338335,0000-0002-8837-1898,Soohwan An,Soohwan An,https://openalex.org/A5016338335,verified,1.0,provided_openalex_id,I1283280774,Brigham and Women's Hospital,Brigham and Women's Hospital,US,healthcare,35,OpenAlex,1472,18,2017,2026,10,13,27,42.0571,-0.1875,0,0,0,0,0,0,0,0,0,0,0,0,0,0,0,0,0,0,,145,54,OpenAlex,70,1.0,100.0,20260731T085741Z,1.1.0,1.1,1.1,2026-07-31T08:57:41.782804+00:00,0,0
A5017051670,A5017051670,0000-0003-3456-8705,Kiyuk Chang,"Chang, K.|K Y Chang|K. Chang|K. Y. Chang|K.Y. Chang|KIYUK CHANG|Ki-Yuk Chang|Ki-yuk Chang|Kiyuk Chang|Kiyuk chang",https://openalex.org/A5017051670,verified,1.0,provided_openalex_id,I4210160144,The Catholic University of Korea Seoul St. Mary's Hospital,The Catholic University of Korea Seoul St. Mary's Hospital,KR,healthcare,400,OpenAlex,9494,40,1999,2026,28,51,133,23.735,-0.5405,1,2,1,3,0,0,0,0,0,0,0,0,0,0,0,0,1,3,2023,1456,361,OpenAlex,72,1.0,100.0,20260731T085741Z,1.1.0,1.1,1.1,2026-07-31T08:57:41.782804+00:00,0,0
A5017735770,A5017735770,0000-0002-5435-5363,Hoon Hur,H Hur|H. Hur|HOON HUR|HOON HUR2|Hoon Hur|Hur H|Hur Hoon,https://openalex.org/A5017735770,verified,1.0,provided_openalex_id,I57664883,Ajou University,Ajou University,KR,education,318,OpenAlex,6171,44,1985,2026,42,45,135,19.4057,-0.5631,1,7,1,15,1,2,0,0,0,0,0,0,0,0,1,1,0,4,2025,736,203,OpenAlex,73,1.0,100.0,20260731T085741Z,1.1.0,1.1,1.1,2026-07-31T08:57:41.782804+00:00,0,0
A5018869966,A5018869966,0000-0002-7452-9615,Sin‐Hee Park,"Park, SH|SIN-HEE PARK|Sin-Hee Park|Sin‐Hee Park",https://openalex.org/A5018869966,verified,1.0,provided_openalex_id,,,,,,43,OpenAlex,1362,18,2003,2024,22,1,10,31.6744,-0.9167,1,1,1,2,0,0,0,0,0,0,0,0,0,0,0,0,0,2,2022,171,35,OpenAlex,65,0.8,92.0,20260731T085741Z,1.1.0,1.1,1.1,2026-07-31T08:57:41.782804+00:00,1,1
A5019811423,A5019811423,0000-0002-7317-092X,Kisung Nam,"K. W. Nam|Kisung Nam|Nam, Kisung",https://openalex.org/A5019811423,verified,1.0,provided_openalex_id,I139264467,Seoul National University,Seoul National University,KR,education,27,OpenAlex,667,8,2020,2026,7,14,25,24.7037,0.1667,0,0,0,0,0,0,0,0,0,0,0,0,0,0,0,0,0,0,,348,150,OpenAlex,72,1.0,100.0,20260731T085741Z,1.1.0,1.1,1.1,2026-07-31T08:57:41.782804+00:00,0,0
A5019834339,A5019834339,0000-0003-3797-4776,Sohee Park,"Park, S.|Park, So-Hee;Woo, Jong-Jung;Bae, Jong-Min;Jun, Yong-Kee;|Park, Sohee|S Park|S. Park|S., Park|So-Hee Park|SoHee Park|Sohee Park|So‐Hee Park|So－Hee Park",https://openalex.org/A5019834339,verified,1.0,provided_openalex_id,I141371507,Soongsil University,Soongsil University,KR,education,375,OpenAlex,15401,64,1992,2026,35,34,61,41.0693,-0.1905,1,2,0,0,1,1,0,0,0,0,0,0,0,0,0,0,0,2,2024,862,281,OpenAlex,73,1.0,100.0,20260731T085741Z,1.1.0,1.1,1.1,2026-07-31T08:57:41.782804+00:00,0,0
A5020003410,A5020003410,0000-0003-2409-1130,Jiwon Shim,J Shim|Ji-Won Shim|Jiwon Shim,https://openalex.org/A5020003410,verified,1.0,provided_openalex_id,I163753206,Chungbuk National University,Chungbuk National University,KR,education,85,OpenAlex,2488,20,2004,2026,23,26,50,29.2706,-0.037,0,0,1,82,0,0,0,0,0,0,0,0,0,0,0,0,0,1,2025,207,100,OpenAlex,73,1.0,100.0,20260731T085741Z,1.1.0,1.1,1.1,2026-07-31T08:57:41.782804+00:00,0,0
A5020433927,A5020433927,0000-0002-7981-5573,Suran Kim,"Kim Suran|Kim, Suran|S. Kim|SuRan Kim|Suran KIM|Suran Kim|Suran 김수란Kim|suran Kim",https://openalex.org/A5020433927,verified,1.0,provided_openalex_id,I193775966,Yonsei University,Yonsei University,KR,education,51,OpenAlex,1402,17,2012,2025,14,7,13,27.4902,-0.3636,0,0,0,0,0,0,0,0,0,0,0,0,0,0,0,0,0,0,,130,43,OpenAlex,72,1.0,100.0,20260731T085741Z,1.1.0,1.1,1.1,2026-07-31T08:57:41.782804+00:00,0,0
A5022448366,A5022448366,0000-0002-2854-1568,Sung‐Hyun Jo,"Jo Sung-Hyun|Jo, Sung Ho|S. H. Jo|Seungjae Jo|Sung Ho Jo|Sung-Hyun Jo|Sung-Hyun 조성현Jo|Sung‐Hyun Jo",https://openalex.org/A5022448366,verified,1.0,provided_openalex_id,I141371507,Soongsil University,Soongsil University,KR,education,96,OpenAlex,2853,16,1960,2025,66,5,16,29.7188,-0.7059,0,0,1,1,0,0,0,0,0,0,0,0,0,0,1,3,0,2,2020,269,71,OpenAlex,73,1.0,100.0,20260731T085741Z,1.1.0,1.1,1.1,2026-07-31T08:57:41.782804+00:00,0,0
A5022724648,A5022724648,0000-0001-6843-3708,Chan Kwon Jung,"C K JUNG|C. Jung|C. K. JUNG|C. K. Jung|C.-K. Jung|C.K Jung|C.K. Jung|C.‐K. Jung|CHAN KWON JUNG|CHAN-KWON JUNG|Chan Jung|Chan Kwon JUNG|Chan Kwon Jung|Chan Kwon Jung Jung|Chan-Kwan Jung|Chan-Kwon Jung|Chankwon Jung|Chan‐Kwon JUNG|Chan‐Kwon Jung|Jung, CG",https://openalex.org/A5022724648,verified,1.0,provided_openalex_id,I87111246,Catholic University of Korea,Catholic University of Korea,KR,education,421,OpenAlex,10902,52,1984,2026,43,58,100,25.8955,-0.1212,1,3,1,3,0,0,0,0,0,0,0,0,1,1,0,0,1,4,2025,1329,338,OpenAlex,73,1.0,100.0,20260731T085741Z,1.1.0,1.1,1.1,2026-07-31T08:57:41.782804+00:00,0,0
A5023482684,A5023482684,0000-0002-6932-8552,Minseok Suh,M O Suh|MInseok Suh|Minseok Suh,https://openalex.org/A5023482684,verified,1.0,provided_openalex_id,I139264467,Seoul National University,Seoul National University,KR,education,94,OpenAlex,880,16,1987,2026,40,37,52,9.3617,0.7619,1,7,0,0,1,2,0,0,0,0,0,0,0,0,0,0,0,2,2024,336,98,OpenAlex,73,1.0,100.0,20260731T085741Z,1.1.0,1.1,1.1,2026-07-31T08:57:41.782804+00:00,0,0
A5023527433,A5023527433,0000-0003-1020-5838,Sung Hak Lee,"LEE, SUNG HAK|Lee, Sung Hak|S. Lee|SUNG HAK LEE|Sung Hak Lee|Sung hak Lee|Sung-Hak Lee",https://openalex.org/A5023527433,verified,1.0,provided_openalex_id,I2818286,LG (United States),LG (United States),US,company,399,OpenAlex,4808,38,1990,2026,37,62,166,12.0501,-0.479,1,20,1,29,1,4,1,1,0,0,0,0,0,0,0,0,1,5,2026,1039,198,OpenAlex,71,1.0,100.0,20260731T085741Z,1.1.0,1.1,1.1,2026-07-31T08:57:41.782804+00:00,0,0
A5024506731,A5024506731,0000-0002-2775-3315,Jun Yong Choi,"Choi, JunYong|Choi, Junyong|J Choi|J Y Choi|J. Y. CHOI|J. Y. Choi|J.-Y. Choi|J.-y. Choi|J.Y. Choi|JY Choi|Jun Choi|Jun Y Choi|Jun Y. Choi|Jun Yong Choi|Jun Yong Choi (290863)|Jun Yong choi|Jun Young Choi|Jun yong Choi|Jun-Yong Choi|Jun-yong Choi|JunYong Choi|Junyong Choi|Jun Y. Choi|Jun Yong Choi|Jy Choi|Won Suk Choi",https://openalex.org/A5024506731,verified,1.0,provided_openalex_id,I157485424,Korea Advanced Institute of Science and Technology,Korea Advanced Institute of Science and Technology,KR,education,989,OpenAlex,13088,51,1992,2026,35,105,229,13.2336,-0.3713,1,6,1,1,1,2,0,0,0,0,0,0,0,0,0,0,1,4,2025,3064,550,OpenAlex,73,1.0,100.0,20260731T085741Z,1.1.0,1.1,1.1,2026-07-31T08:57:41.782804+00:00,0,0
A5026459010,A5026459010,0000-0001-5588-8332,Sung‐Bae Kim,"Kim, Sung-Bae|Kim,Sung-Bae|S.-B. Kim|S.B. Kim|SUNG-BAE KIM|Sung-Bae Kim|Sung-bae Kim|Sung‐Bae Kim",https://openalex.org/A5026459010,verified,1.0,provided_openalex_id,I40542001,University of Ulsan,University of Ulsan,KR,education,716,OpenAlex,43642,74,1974,2026,53,79,217,60.9525,-0.622,0,0,0,0,0,0,0,0,0,0,0,0,0,0,1,3,1,2,2025,2925,1088,OpenAlex,73,1.0,100.0,20260731T085741Z,1.1.0,1.1,1.1,2026-07-31T08:57:41.782804+00:00,0,0
A5026578909,A5026578909,0000-0002-1202-1808,Junil Kim,J. H. Kim|J. Kim|J.H. Kim|Jung Seop Kim|Junil Kim,https://openalex.org/A5026578909,verified,1.0,provided_openalex_id,I141371507,Soongsil University,Soongsil University,KR,education,92,OpenAlex,1779,24,2003,2026,24,19,42,19.337,-0.3448,1,16,1,120,1,3,0,0,0,0,0,0,1,4,1,4,0,5,2025,333,105,OpenAlex,73,1.0,100.0,20260731T085741Z,1.1.0,1.1,1.1,2026-07-31T08:57:41.782804+00:00,0,0
A5027741708,A5027741708,0000-0002-2824-5080,Jaemoon Koh,"J. Koh|Jae-Moon Koh|Jaemoon KOH|Jaemoon Koh|Koh, Jaemoon",https://openalex.org/A5027741708,verified,1.0,provided_openalex_id,I2802835388,Seoul National University Hospital,Seoul National University Hospital,KR,healthcare,213,OpenAlex,3751,34,1997,2026,30,84,133,17.6103,0.3333,1,32,1,19,1,4,1,1,0,0,1,2,1,1,0,0,1,7,2026,493,89,OpenAlex,72,1.0,100.0,20260731T085741Z,1.1.0,1.1,1.1,2026-07-31T08:57:41.782804+00:00,0,0
A5028464804,A5028464804,0000-0002-0658-4604,Prakash Gangadaran,"Gangadaran, Prakash|P Gangadaran|P. Gangadaran|Prakash Gangadaran",https://openalex.org/A5028464804,verified,1.0,provided_openalex_id,I31419693,Kyungpook National University,Kyungpook National University,KR,education,161,OpenAlex,5962,40,2011,2026,16,59,95,37.0311,0.1569,1,2,1,4,0,0,0,0,0,0,0,0,0,0,1,1,1,4,2026,409,172,OpenAlex,73,1.0,100.0,20260731T085741Z,1.1.0,1.1,1.1,2026-07-31T08:57:41.782804+00:00,0,0
A5028507019,A5028507019,0000-0001-9996-2346,Ik Jun Choi,I Choi|I J Choi|IK JUN CHOI|Ik Choi|Ik Jun Choi|Ik-Jun Choi|Ik-jun Choi|Ik Jun Choi,https://openalex.org/A5028507019,verified,1.0,provided_openalex_id,I4210102816,The Catholic University of Korea Incheon St. Mary's Hospital,The Catholic University of Korea Incheon St. Mary's Hospital,KR,healthcare,110,OpenAlex,1070,16,2000,2025,26,13,48,9.7273,-0.7174,1,1,1,2,0,0,0,0,0,0,0,0,0,0,0,0,0,2,2022,395,90,OpenAlex,72,1.0,100.0,20260731T085741Z,1.1.0,1.1,1.1,2026-07-31T08:57:41.782804+00:00,0,0
A5029278469,A5029278469,0000-0002-3168-5597,In‐Hye Ham,"Ham, In-Hye|I Ham|I. HAM|I. Ham|I.K. Ham|IN-HYE HAM|In-Hye Ham|In-hye Ham|InHye Ham|Inhye Ham|In‐Hye Ham",https://openalex.org/A5029278469,verified,1.0,provided_openalex_id,I57664883,Ajou University,Ajou University,KR,education,156,OpenAlex,2514,30,1995,2025,31,7,56,16.1154,-0.86,1,6,1,14,1,2,0,0,0,0,0,0,0,0,0,0,0,3,2025,306,47,OpenAlex,73,1.0,100.0,20260731T085741Z,1.1.0,1.1,1.1,2026-07-31T08:57:41.782804+00:00,0,0
A5030577122,A5030577122,0000-0002-2303-2764,Joohyuk Sohn,"J H Sohn|J Sohn|J-H Sohn|J. H. Sohn|J. Sohn|J.H. Sohn|Joo H. Sohn|Joo Hyuk Sohn|Joo Sohn|Joo-Hyuk Sohn|JooHyuk Sohn|Joohyuk Sohn|Joo‐Hyuk Sohn|Ju Hyuk Sohn|Ju Sohn|Kyung Hae Jung|Sohn, J.H.|Sohn, Joo Hyuk",https://openalex.org/A5030577122,verified,1.0,provided_openalex_id,I116631150,Ulsan College,Ulsan College,KR,education,626,OpenAlex,28941,61,1997,2026,30,111,276,46.2316,-0.4714,0,0,1,3,0,0,0,0,0,0,0,0,1,1,1,1,1,4,2026,3135,914,OpenAlex,73,1.0,100.0,20260731T085741Z,1.1.0,1.1,1.1,2026-07-31T08:57:41.782804+00:00,0,0
A5030607871,A5030607871,0000-0002-7394-3830,Sun Wook Cho,"Cho, Sun Wook|Sun Wook Cho|Sun Wook Cho (8911283)|Sun Wook 조순욱Cho",https://openalex.org/A5030607871,verified,1.0,provided_openalex_id,I2802457231,New Generation University College,New Generation University College,ET,education,238,OpenAlex,6188,45,2005,2026,22,42,98,26.0,-0.4545,0,0,1,7,0,0,0,0,0,0,0,0,0,0,1,9,0,2,2024,564,156,OpenAlex,72,1.0,100.0,20260731T085741Z,1.1.0,1.1,1.1,2026-07-31T08:57:41.782804+00:00,0,0
A5030936631,A5030936631,0000-0002-7653-3503,Eun Kyoung Kim,Dr. Eun Kyoung Kim|Eun Kyoung KIM|Eun Kyoung Kim|Eun kyoung Kim|Eun-Kyoung Kim|Eun Kyoung Kim|Eun‐Kyoung Kim|Jihoon Kim,https://openalex.org/A5030936631,verified,1.0,provided_openalex_id,I2802194831,Samsung Medical Center,Samsung Medical Center,KR,healthcare,347,OpenAlex,8644,46,1992,2026,35,26,53,24.9107,-0.3333,1,2,1,1,1,1,0,0,0,0,0,0,0,0,0,0,1,4,2025,1269,205,OpenAlex,72,1.0,100.0,20260731T085741Z,1.1.0,1.1,1.1,2026-07-31T08:57:41.782804+00:00,0,0
A5031068192,A5031068192,0000-0001-8058-332X,Seung‐Woo Cho,"Cho, Seung-Woo|Seung Woo Cho|Seung-Woo Cho|Seung-woo Cho|Seung‐Woo Cho",https://openalex.org/A5031068192,verified,1.0,provided_openalex_id,I165507594,Kangwon National University,Kangwon National University,KR,education,311,OpenAlex,13940,63,2000,2026,27,49,87,44.8232,-0.125,0,0,1,2,0,0,0,0,0,0,0,0,1,13,0,0,0,2,2025,977,189,OpenAlex,73,1.0,100.0,20260731T085741Z,1.1.0,1.1,1.1,2026-07-31T08:57:41.782804+00:00,0,0
A5031651244,A5031651244,,Ji Hun Ha,"Ha, Ji Hun|Ji Hun Ha",https://openalex.org/A5031651244,verified,1.0,provided_openalex_id,I848706,Sungkyunkwan University,Sungkyunkwan University,KR,education,3,OpenAlex,31,2,2017,2024,8,2,2,10.3333,2.0,1,6,0,0,1,2,0,0,0,0,0,0,0,0,0,0,0,2,2024,12,1,OpenAlex,71,1.0,100.0,20260731T085741Z,1.1.0,1.1,1.1,2026-07-31T08:57:41.782804+00:00,0,0
A5033057281,A5033057281,0000-0002-7701-2371,Yunjung Jin,"Jin, Yunjung|Yunjung Jin",https://openalex.org/A5033057281,verified,1.0,provided_openalex_id,I138925566,Ewha Womans University,Ewha Womans University,KR,education,22,OpenAlex,530,9,2018,2026,9,13,18,24.0909,1.6,1,7,1,10,1,2,0,0,0,0,0,0,0,0,0,0,0,3,2026,122,32,OpenAlex,73,1.0,100.0,20260731T085741Z,1.1.0,1.1,1.1,2026-07-31T08:57:41.782804+00:00,0,0
A5033646196,A5033646196,0000-0001-7525-4740,Se Jin Oh,S.J. Oh|Se Jin Oh|Se jin Oh|Sejin Oh|Se Jin Oh,https://openalex.org/A5033646196,verified,1.0,provided_openalex_id,I2802194831,Samsung Medical Center,Samsung Medical Center,KR,healthcare,109,OpenAlex,718,12,2006,2026,21,15,46,6.5872,-0.6429,1,2,1,7,0,0,0,0,0,0,0,0,0,0,0,0,0,2,2024,360,50,OpenAlex,72,1.0,100.0,20260731T085741Z,1.1.0,1.1,1.1,2026-07-31T08:57:41.782804+00:00,0,0
A5036203067,A5036203067,0000-0002-9047-4896,Jeon Yeob Jang,JEON YEOB JANG|Jeon Jang|Jeon Y Jang|Jeon Yeob Jang,https://openalex.org/A5036203067,verified,1.0,provided_openalex_id,I16764540,University of Suwon,University of Suwon,KR,education,111,OpenAlex,2348,26,2008,2026,19,23,42,21.1532,-0.1154,1,2,1,5,1,1,0,0,0,0,0,0,0,0,0,0,1,4,2026,475,123,OpenAlex,73,1.0,100.0,20260731T085741Z,1.1.0,1.1,1.1,2026-07-31T08:57:41.782804+00:00,0,0
A5036338381,A5036338381,0000-0001-7093-2469,In Woong Han,"Han, In Woong|I W Han|I.W. Han|IN WOONG HAN|In W. Han|In Woong HAN|In Woong Han|In-Woong HAN|In-Woong Han|Inwoong Han|In Woong Han",https://openalex.org/A5036338381,verified,1.0,provided_openalex_id,I2802194831,Samsung Medical Center,Samsung Medical Center,KR,healthcare,265,OpenAlex,2627,27,2006,2026,21,46,117,9.9132,-0.566,0,0,1,16,0,0,0,0,0,0,0,0,0,0,0,0,1,2,2026,714,217,OpenAlex,72,1.0,100.0,20260731T085741Z,1.1.0,1.1,1.1,2026-07-31T08:57:41.782804+00:00,0,0
A5038321538,A5038321538,0000-0002-5041-8638,Sungjin Min,Min Sungjin|Sungjin Min,https://openalex.org/A5038321538,verified,1.0,provided_openalex_id,I193775966,Yonsei University,Yonsei University,KR,education,27,OpenAlex,1516,16,2016,2025,10,4,10,56.1481,-0.5,0,0,0,0,0,0,0,0,0,0,0,0,0,0,0,0,0,0,,116,48,OpenAlex,72,1.0,100.0,20260731T085741Z,1.1.0,1.1,1.1,2026-07-31T08:57:41.782804+00:00,0,0
A5038366277,A5038366277,0000-0001-5575-836X,Keun Seok Lee,"K Seok Lee|K.S. Lee|Keun Seok Lee|Keun-Seok Lee|Lee, Keun Seok",https://openalex.org/A5038366277,verified,1.0,provided_openalex_id,I4210120052,National Cancer Center,National Cancer Center,KR,healthcare,347,OpenAlex,15024,51,1996,2026,31,59,153,43.2968,-0.5,0,0,0,0,0,0,0,0,0,0,0,0,0,0,1,1,1,2,2025,1753,600,OpenAlex,72,1.0,100.0,20260731T085741Z,1.1.0,1.1,1.1,2026-07-31T08:57:41.782804+00:00,0,0
A5038666848,A5038666848,0000-0002-7585-1841,Chang Ho Sohn,Chang Ho Sohn|Chang Ho sohn|Changho Sohn,https://openalex.org/A5038666848,verified,1.0,provided_openalex_id,I157485424,Korea Advanced Institute of Science and Technology,Korea Advanced Institute of Science and Technology,KR,education,42,OpenAlex,1661,16,2004,2026,23,9,17,39.5476,0.125,1,5,1,24,0,0,0,0,0,0,0,0,0,0,1,1,0,3,2026,226,70,OpenAlex,73,1.0,100.0,20260731T085741Z,1.1.0,1.1,1.1,2026-07-31T08:57:41.782804+00:00,0,0
A5038741908,A5038741908,,Kyeong Chan Im,"Im, Kyeong Chan|Kyeong Chan Im",https://openalex.org/A5038741908,verified,1.0,provided_openalex_id,I848706,Sungkyunkwan University,Sungkyunkwan University,KR,education,3,OpenAlex,53,2,2020,2024,5,2,2,17.6667,2.0,1,6,0,0,1,2,0,0,0,0,0,0,0,0,0,0,0,2,2024,5,2,OpenAlex,71,1.0,100.0,20260731T085741Z,1.1.0,1.1,1.1,2026-07-31T08:57:41.782804+00:00,0,0
A5039106930,A5039106930,0000-0002-7136-9724,Huiram Kang,Huiram Kang,https://openalex.org/A5039106930,verified,1.0,provided_openalex_id,I87111246,Catholic University of Korea,Catholic University of Korea,KR,education,18,OpenAlex,138,5,2023,2026,4,16,18,7.6667,7.0,1,1,1,43,0,0,0,0,0,0,0,0,0,0,1,2,0,3,2026,43,10,OpenAlex,73,1.0,100.0,20260731T085741Z,1.1.0,1.1,1.1,2026-07-31T08:57:41.782804+00:00,0,0
A5039165896,A5039165896,0000-0002-4980-0872,Jae Hun Jung,"J. Jung|Jae H. Jung|Jae Hun Jeong|Jae Hun Jung|Jae-Hun Jung|Jong-Kwan Jung|Jung, Jae Hun",https://openalex.org/A5039165896,verified,1.0,provided_openalex_id,I35928602,Kyung Hee University,Kyung Hee University,KR,education,102,OpenAlex,2684,27,2001,2025,25,5,15,26.3137,-0.6875,0,0,0,0,0,0,0,0,0,0,0,0,0,0,0,0,0,0,,478,131,OpenAlex,72,1.0,100.0,20260731T085741Z,1.1.0,1.1,1.1,2026-07-31T08:57:41.782804+00:00,0,0
A5040514663,A5040514663,0000-0003-3254-7679,Jinyeong Choi,"Choi, Jinyeong|JINYEONG CHOI|Jin-Yeong Choi|Jinyeong Choi",https://openalex.org/A5040514663,verified,1.0,provided_openalex_id,I4210119195,Korea Exercise Rehabilitation Association,Korea Exercise Rehabilitation Association,KR,nonprofit,41,OpenAlex,533,10,2014,2026,13,12,22,13.0,0.0,1,27,0,0,1,2,0,0,0,0,0,0,0,0,0,0,0,2,2026,73,28,OpenAlex,72,1.0,100.0,20260731T085741Z,1.1.0,1.1,1.1,2026-07-31T08:57:41.782804+00:00,0,0
A5042100493,A5042100493,,Ji Mi Ahn,Ji Mi Ahn,https://openalex.org/A5042100493,verified,1.0,provided_openalex_id,I57664883,Ajou University,Ajou University,KR,education,11,OpenAlex,472,9,2006,2024,19,1,4,42.9091,-0.6667,1,2,0,0,1,1,0,0,0,0,0,0,0,0,0,0,0,2,2024,59,20,OpenAlex,71,1.0,100.0,20260731T085741Z,1.1.0,1.1,1.1,2026-07-31T08:57:41.782804+00:00,0,0
A5042831733,A5042831733,0009-0008-9046-076X,Youngbeen Moon,Youngbeen Moon,https://openalex.org/A5042831733,verified,1.0,provided_openalex_id,I4210120052,National Cancer Center,National Cancer Center,KR,healthcare,19,OpenAlex,110,5,2018,2025,8,10,11,5.7895,9.0,1,3,0,0,1,1,0,0,0,0,0,0,0,0,1,1,1,4,2025,64,19,OpenAlex,72,1.0,100.0,20260731T085741Z,1.1.0,1.1,1.1,2026-07-31T08:57:41.782804+00:00,0,0
A5043815269,A5043815269,0000-0002-7211-6278,Yong Woo Ji,"Ji, Yong Woo|Y Ji|Y W Ji|Y. Ji|Y. W. Ji|Y.W. Ji|Yong Ji|Yong Woo  Ji|Yong Woo Ji|Yongwoo Ji|Yuxiao Ji",https://openalex.org/A5043815269,verified,1.0,provided_openalex_id,I193775966,Yonsei University,Yonsei University,KR,education,110,OpenAlex,2011,24,1993,2026,34,24,47,18.2818,-0.1724,0,0,0,0,0,0,0,0,0,0,0,0,0,0,0,0,0,0,,438,116,OpenAlex,72,1.0,100.0,20260731T085741Z,1.1.0,1.1,1.1,2026-07-31T08:57:41.782804+00:00,0,0
A5044524626,A5044524626,0000-0002-9855-3185,Yoo Seob Shin,Y S Shin|Y Shin|Y. S. Shin|Y. Shin|Y.S. Shin|Y.‐S. Shin|Yoo Seob Seob Shin|Yoo Seob Shin|Yoo Shin|Yoo-Seob Shin|YooGyung Shin|Yoon Ji Shin|Yooseob Shin,https://openalex.org/A5044524626,verified,1.0,provided_openalex_id,I193775966,Yonsei University,Yonsei University,KR,education,237,OpenAlex,3763,33,1983,2025,43,18,44,15.8776,-0.6,1,2,0,0,1,1,0,0,0,0,0,0,0,0,0,0,0,2,2024,662,161,OpenAlex,73,1.0,100.0,20260731T085741Z,1.1.0,1.1,1.1,2026-07-31T08:57:41.782804+00:00,0,0
A5044769724,A5044769724,,Hansong Lee,Hansong Lee|Lee Hansong,https://openalex.org/A5044769724,verified,1.0,provided_openalex_id,I4210149111,Pusan National University Yangsan Hospital,Pusan National University Yangsan Hospital,KR,healthcare,13,OpenAlex,186,8,2022,2025,4,7,13,14.3077,0.1667,1,2,1,10,1,1,0,0,0,0,0,0,0,0,0,0,0,3,2025,81,21,OpenAlex,70,1.0,100.0,20260731T085741Z,1.1.0,1.1,1.1,2026-07-31T08:57:41.782804+00:00,0,0
A5045212145,A5045212145,0000-0001-8564-0848,Joo Sang Lee,"Joo Lee|Joo Lee, MT(ASCP)|Joo S Lee|Joo S. Lee|Joo Sang Lee|Joo Sung Lee|Lee, Joo|Lee, Joo Sang",https://openalex.org/A5045212145,verified,1.0,provided_openalex_id,I4210140884,National Cancer Institute,National Cancer Institute,US,government,341,OpenAlex,5537,36,1994,2026,33,73,216,16.2375,-0.5655,1,6,1,31,1,2,0,0,0,0,0,0,0,0,1,3,0,4,2025,905,243,OpenAlex,71,1.0,100.0,20260731T085741Z,1.1.0,1.1,1.1,2026-07-31T08:57:41.782804+00:00,0,0
A5045410556,A5045410556,0000-0001-8605-5990,Han‐Eol Park,Han-Eol Park|Haneol Park|Han‐Eol Park,https://openalex.org/A5045410556,verified,1.0,provided_openalex_id,I193775966,Yonsei University,Yonsei University,KR,education,16,OpenAlex,420,8,2010,2024,15,1,4,26.25,-0.8,1,5,1,6,0,0,0,0,0,0,0,0,0,0,1,1,0,3,2024,64,19,OpenAlex,73,1.0,100.0,20260731T085741Z,1.1.0,1.1,1.1,2026-07-31T08:57:41.782804+00:00,0,0
A5045748813,A5045748813,,Ju Hyun Yun,Ju Hyun Yun,https://openalex.org/A5045748813,verified,1.0,provided_openalex_id,I138925566,Ewha Womans University,Ewha Womans University,KR,education,10,OpenAlex,124,6,2022,2025,4,7,10,12.4,1.3333,1,2,1,1,1,1,0,0,0,0,0,0,0,0,0,0,0,3,2024,37,14,OpenAlex,71,1.0,100.0,20260731T085741Z,1.1.0,1.1,1.1,2026-07-31T08:57:41.782804+00:00,0,0
A5046207199,A5046207199,0000-0002-1728-3970,Juyoung Yoon,"J. Yoon|J.-Y. Yoon|Ju-Young Yoon|Juyoung Yoon|Yoon, Ju-Young|Yoon, Juyoung",https://openalex.org/A5046207199,verified,1.0,provided_openalex_id,I138925566,Ewha Womans University,Ewha Womans University,KR,education,750,OpenAlex,91028,146,1992,2026,35,112,191,121.3707,-0.0667,0,0,1,1,0,0,0,0,0,0,0,0,0,0,1,1,0,2,2025,1439,381,OpenAlex,73,1.0,100.0,20260731T085741Z,1.1.0,1.1,1.1,2026-07-31T08:57:41.782804+00:00,0,0
A5049348377,A5049348377,0000-0002-1580-7224,Kyung Hae Jung,"JUNG, KYUNG HAE|Jee Hung Kim|K H Jung|K Jung|K. H. Jung|K. Jung|K.-H. Jung|K.H. Jung|KYUNG HAE JUNG|Kyung H. Jung|Kyung Hae Jung|Kyung-Hae Jung|KyungHae Jung|Kyungyeon Jung",https://openalex.org/A5049348377,verified,1.0,provided_openalex_id,I116631150,Ulsan College,Ulsan College,KR,education,449,OpenAlex,16216,55,1985,2026,42,70,144,36.1158,-0.3519,0,0,1,2,0,0,0,0,0,0,0,0,0,0,0,0,1,2,2025,1978,611,OpenAlex,73,1.0,100.0,20260731T085741Z,1.1.0,1.1,1.1,2026-07-31T08:57:41.782804+00:00,0,0
A5049355350,A5049355350,0000-0002-8097-3878,Seunggeun Lee,"Lee, Seunggeun|S. Lee|SeungGeun Lee|Seunggeun (Shawn) Lee|Seunggeun Lee",https://openalex.org/A5049355350,verified,1.0,provided_openalex_id,,,,,,161,OpenAlex,11801,39,2008,2026,19,26,54,73.2981,-0.3333,0,0,0,0,0,0,0,0,0,0,0,0,0,0,1,1,1,2,2024,920,347,OpenAlex,65,0.8,92.0,20260731T085741Z,1.1.0,1.1,1.1,2026-07-31T08:57:41.782804+00:00,1,1
A5050317153,A5050317153,0000-0001-7700-3929,Byeong‐Cheol Ahn,"Ahn, Byeong-Cheol|B-C. AHN|B. Ahn|B.-C. Ahn|B.C. Ahn|Byeong-Cheol Ahn|Byeong‐Cheol Ahn|Byoeng-Cheol Ahn|안병철",https://openalex.org/A5050317153,verified,1.0,provided_openalex_id,I2801673063,Kyungpook National University Hospital,Kyungpook National University Hospital,KR,healthcare,405,OpenAlex,9284,50,1996,2026,31,42,82,22.9235,-0.2881,1,2,1,6,0,0,0,0,0,0,0,0,0,0,1,1,0,3,2026,768,226,OpenAlex,72,1.0,100.0,20260731T085741Z,1.1.0,1.1,1.1,2026-07-31T08:57:41.782804+00:00,0,0
A5050948502,A5050948502,0000-0002-9992-3942,Eungyeong Jang,E.C. Jang|E.C.J. Jang|Eun-gyeong Jang|Eungyeong Jang,https://openalex.org/A5050948502,verified,1.0,provided_openalex_id,I35928602,Kyung Hee University,Kyung Hee University,KR,education,60,OpenAlex,605,15,2008,2023,16,0,13,10.0833,-1.0,0,0,0,0,0,0,0,0,0,0,0,0,0,0,0,0,0,0,,157,20,OpenAlex,72,1.0,100.0,20260731T085741Z,1.1.0,1.1,1.1,2026-07-31T08:57:41.782804+00:00,0,0
A5052450087,A5052450087,0000-0003-0412-8709,Heounjeong Go,"Go, Heounjeong|H. Go|H.J. Go|Hakneung Go|Heounjeong Go",https://openalex.org/A5052450087,verified,1.0,provided_openalex_id,I116631150,Ulsan College,Ulsan College,KR,education,208,OpenAlex,4923,34,1997,2026,30,32,100,23.6683,-0.5733,0,0,1,9,0,0,0,0,0,0,0,0,0,0,0,0,1,2,2025,623,196,OpenAlex,73,1.0,100.0,20260731T085741Z,1.1.0,1.1,1.1,2026-07-31T08:57:41.782804+00:00,0,0
A5052602817,A5052602817,0000-0002-2146-4336,Sun Shin,S. Shin|S.Y. Shin|Shin Sun|Sun Shin|Sun Young Shin,https://openalex.org/A5052602817,verified,1.0,provided_openalex_id,I4210127102,Korea Institute of Energy Research,Korea Institute of Energy Research,KR,facility,52,OpenAlex,973,16,2003,2026,24,6,16,18.7115,-0.625,1,1,1,13,0,0,0,0,0,0,0,0,0,0,0,0,1,3,2024,183,41,OpenAlex,72,1.0,100.0,20260731T085741Z,1.1.0,1.1,1.1,2026-07-31T08:57:41.782804+00:00,0,0
A5052722112,A5052722112,0000-0001-8453-7347,Hyun‐Young Cha,Hyun-Young Cha|Hyun‐Young Cha,https://openalex.org/A5052722112,verified,1.0,provided_openalex_id,I57664883,Ajou University,Ajou University,KR,education,20,OpenAlex,381,11,2003,2024,22,1,2,19.05,-0.6667,1,2,0,0,1,1,0,0,0,0,0,0,0,0,0,0,0,2,2024,86,14,OpenAlex,73,1.0,100.0,20260731T085741Z,1.1.0,1.1,1.1,2026-07-31T08:57:41.782804+00:00,0,0
A5052825364,A5052825364,,Gyeongjun Kim,Gyeongjun Kim,https://openalex.org/A5052825364,verified,1.0,provided_openalex_id,I139264467,Seoul National University,Seoul National University,KR,education,4,OpenAlex,80,2,2022,2024,3,1,4,20.0,-0.6667,0,0,1,1,0,0,0,0,0,0,0,0,0,0,0,0,0,1,2024,12,14,OpenAlex,71,1.0,100.0,20260731T085741Z,1.1.0,1.1,1.1,2026-07-31T08:57:41.782804+00:00,0,0
A5053879044,A5053879044,0000-0002-3484-3749,Sungwoo Bae,"Bae, Sungwoo|S Bae|S.B. Bae|Sungwoo Bae",https://openalex.org/A5053879044,verified,1.0,provided_openalex_id,I139264467,Seoul National University,Seoul National University,KR,education,79,OpenAlex,460,12,2006,2026,21,50,59,5.8228,2.3333,1,112,1,45,1,37,1,3,0,0,1,2,0,0,0,0,0,5,2026,148,51,OpenAlex,73,1.0,100.0,20260731T085741Z,1.1.0,1.1,1.1,2026-07-31T08:57:41.782804+00:00,0,0
A5054931904,A5054931904,0000-0003-0433-2187,Yoon Ah Cho,Y. A. Cho|YOON AH CHO|Yoon Ah Cho|Yoon Cho|Yoon-Ah Cho,https://openalex.org/A5054931904,verified,1.0,provided_openalex_id,I2802194831,Samsung Medical Center,Samsung Medical Center,KR,healthcare,48,OpenAlex,676,16,2000,2025,26,13,21,14.0833,0.0,0,0,0,0,0,0,0,0,0,0,0,0,0,0,0,0,1,1,2024,165,35,OpenAlex,72,1.0,100.0,20260731T085741Z,1.1.0,1.1,1.1,2026-07-31T08:57:41.782804+00:00,0,0
A5055121468,A5055121468,0000-0002-4929-798X,Hye Jin Heo,"HYE JIN HEO|Heo, Hye Jin|Heo, Hye Jin;Jung, Jun-Sub;Lee, Jung Ho;Han, Su Young;Bang, Hyun Bae;Song, Dong-Keun;Jun, Jong-Gab;|Hye Jin Heo",https://openalex.org/A5055121468,verified,1.0,provided_openalex_id,I4921948,Pusan National University,Pusan National University,KR,education,50,OpenAlex,815,15,2005,2026,22,12,17,16.3,1.0,1,2,1,2,1,1,0,0,0,0,0,0,0,0,1,3,1,5,2025,209,48,OpenAlex,73,1.0,100.0,20260731T085741Z,1.1.0,1.1,1.1,2026-07-31T08:57:41.782804+00:00,0,0
A5055913466,A5055913466,0000-0003-0027-5330,Namyoung Jung,N Jung|N. Jung|Namyoung Jung,https://openalex.org/A5055913466,verified,1.0,provided_openalex_id,I123900574,Pohang University of Science and Technology,Pohang University of Science and Technology,KR,education,17,OpenAlex,3254,9,2010,2025,16,3,5,191.4118,-0.25,1,2,1,7,0,0,0,0,0,0,0,0,0,0,1,2,0,3,2025,126,38,OpenAlex,73,1.0,100.0,20260731T085741Z,1.1.0,1.1,1.1,2026-07-31T08:57:41.782804+00:00,0,0
A5056078856,A5056078856,0000-0001-8761-0837,Nishant Thakur,Nishant Thakur|Thakur Nishant,https://openalex.org/A5056078856,verified,1.0,provided_openalex_id,I87111246,Catholic University of Korea,Catholic University of Korea,KR,education,34,OpenAlex,519,12,2016,2026,11,2,8,15.2647,-0.875,0,0,0,0,0,0,0,0,0,0,0,0,0,0,0,0,0,0,,69,27,OpenAlex,72,1.0,100.0,20260731T085741Z,1.1.0,1.1,1.1,2026-07-31T08:57:41.782804+00:00,0,0
A5056137004,A5056137004,0000-0002-7137-8874,Hyeseong Lee,Hyeseong Lee,https://openalex.org/A5056137004,verified,1.0,provided_openalex_id,I134118262,Lewis University,Lewis University,US,education,45,OpenAlex,631,13,2017,2026,10,15,31,14.0222,-0.25,1,3,0,0,1,1,0,0,0,0,0,0,0,0,0,0,0,2,2024,106,39,OpenAlex,72,1.0,100.0,20260731T085741Z,1.1.0,1.1,1.1,2026-07-31T08:57:41.782804+00:00,0,0
A5056969461,A5056969461,0000-0003-2491-3544,Beomseok Jeon,"B S Jeon|B. Jeon|B. S. Jeon|B.S. Jeon|Beom S. Jeon|Beom-Seok Jeon|BeomSeok Jeon|Beomseok Jeon|Beomseok. Jeon|Jeon, B.|Jeon, B.S.|Jeon, Beomseok",https://openalex.org/A5056969461,verified,1.0,provided_openalex_id,I2802835388,Seoul National University Hospital,Seoul National University Hospital,KR,healthcare,261,OpenAlex,5192,37,1992,2026,35,32,77,19.8927,-0.5152,0,0,0,0,0,0,0,0,0,0,0,0,0,0,0,0,1,1,2024,928,482,OpenAlex,72,1.0,100.0,20260731T085741Z,1.1.0,1.1,1.1,2026-07-31T08:57:41.782804+00:00,0,0
A5057036329,A5057036329,0000-0002-8895-2449,Hongyoon Choi,"Choi, Hongyoon|H. Choi|H.Y. Choi|Hong Y Choi|Hong Yoon Choi|Hongyoon CHOI|Hongyoon Choi",https://openalex.org/A5057036329,verified,1.0,provided_openalex_id,I139264467,Seoul National University,Seoul National University,KR,education,257,OpenAlex,3943,34,2007,2026,20,65,112,15.3424,-0.1216,1,174,1,70,1,23,1,14,0,0,1,2,0,0,0,0,1,6,2026,554,174,OpenAlex,73,1.0,100.0,20260731T085741Z,1.1.0,1.1,1.1,2026-07-31T08:57:41.782804+00:00,0,0
A5058349680,A5058349680,0000-0002-9796-8266,Yun Hak Kim,"Jung Won Kim|Kihun Kim|Kim, Yun Hak|Y H Kim|YUN HAK KIM|Yun H. Kim|Yun Hak Kim|Yun Kim|Yun-Hak Kim|Yun Hak Kim",https://openalex.org/A5058349680,verified,1.0,provided_openalex_id,I4210149111,Pusan National University Yangsan Hospital,Pusan National University Yangsan Hospital,KR,healthcare,258,OpenAlex,3384,32,1972,2026,55,99,159,13.1163,0.3026,1,2,1,31,1,1,0,0,0,0,0,0,0,0,1,3,1,5,2026,773,161,OpenAlex,72,1.0,100.0,20260731T085741Z,1.1.0,1.1,1.1,2026-07-31T08:57:41.782804+00:00,0,0
A5058838920,A5058838920,0000-0003-1128-892X,Seung‐Hyun Jung,"Jung, S|S Jung|S. Jung|S.-H. Jung|S.H. Jung|SEUNG-HYUN JUNG|SH Jung|Seung Hyun Jung|Seung-Hyun Jung|Seung-hyun Jung|Seunghyun Jung|Seung‐Hyun Jung",https://openalex.org/A5058838920,verified,1.0,provided_openalex_id,I87111246,Catholic University of Korea,Catholic University of Korea,KR,education,255,OpenAlex,3875,36,1995,2026,32,31,65,15.1961,-0.2955,1,1,1,20,0,0,0,0,0,0,0,0,0,0,0,0,1,3,2024,772,163,OpenAlex,73,1.0,100.0,20260731T085741Z,1.1.0,1.1,1.1,2026-07-31T08:57:41.782804+00:00,0,0
A5059766169,A5059766169,0000-0003-1663-9901,Do‐Youn Oh,"D Oh|D Y Oh|D-Y Oh|D. Oh|D. Y. Oh|D.-Y. Oh|D.Y. OH|D.Y. Oh|DO-YOUN OH|Dachan Oh|Dain Oh|Do-Hyun Oh|Do-Youn OH|Do-Youn Oh|Do-youn Oh|Dokwan Oh|Do‐Youn OH|Do‐Youn Oh|Do‑Youn Oh|Oh, Do-Youn|Oh, Dokwan",https://openalex.org/A5059766169,verified,1.0,provided_openalex_id,I2802835388,Seoul National University Hospital,Seoul National University Hospital,KR,healthcare,955,OpenAlex,44665,82,1970,2026,57,209,380,46.7696,-0.0833,0,0,1,8,0,0,0,0,0,0,0,0,0,0,0,0,1,2,2025,3285,1046,OpenAlex,72,1.0,100.0,20260731T085741Z,1.1.0,1.1,1.1,2026-07-31T08:57:41.782804+00:00,0,0
A5060611882,A5060611882,,Chang-Mo Yoo,Chang-Mo Yoo,https://openalex.org/A5060611882,verified,1.0,provided_openalex_id,I139264467,Seoul National University,Seoul National University,KR,education,2,OpenAlex,4,1,2023,2026,4,1,2,2.0,0.0,0,0,0,0,0,0,0,0,0,0,0,0,0,0,0,0,0,0,,15,9,OpenAlex,70,1.0,100.0,20260731T085741Z,1.1.0,1.1,1.1,2026-07-31T08:57:41.782804+00:00,0,0
A5060670063,A5060670063,,Kyusun Han,Kyusun Han,https://openalex.org/A5060670063,verified,1.0,provided_openalex_id,I193775966,Yonsei University,Yonsei University,KR,education,8,OpenAlex,417,5,1996,2023,28,0,6,52.125,-1.0,0,0,0,0,0,0,0,0,0,0,0,0,0,0,0,0,0,0,,36,13,OpenAlex,70,1.0,100.0,20260731T085741Z,1.1.0,1.1,1.1,2026-07-31T08:57:41.782804+00:00,0,0
A5060938154,A5060938154,0000-0001-8615-3064,Yosep Chong,"Chong, Yosep|Y.S. Chong|YOSEP CHONG|YoSep Chong|Yosep Chong",https://openalex.org/A5060938154,verified,1.0,provided_openalex_id,I4210106953,The Catholic University of Korea Uijeongbu St. Mary's Hospital,The Catholic University of Korea Uijeongbu St. Mary's Hospital,KR,healthcare,154,OpenAlex,1451,22,1995,2026,32,46,72,9.4221,0.2778,1,3,1,12,0,0,0,0,0,0,0,0,0,0,0,0,0,2,2026,429,129,OpenAlex,72,1.0,100.0,20260731T085741Z,1.1.0,1.1,1.1,2026-07-31T08:57:41.782804+00:00,0,0
A5062726951,A5062726951,,Jungkap Park,Jungkap Park,https://openalex.org/A5062726951,verified,1.0,provided_openalex_id,I4210159787,Hallym University Sacred Heart Hospital,Hallym University Sacred Heart Hospital,KR,healthcare,8,OpenAlex,167,5,2006,2022,17,0,1,20.875,-1.0,0,0,0,0,0,0,0,0,0,0,0,0,0,0,0,0,0,0,,11,10,OpenAlex,69,1.0,100.0,20260731T085741Z,1.1.0,1.1,1.1,2026-07-31T08:57:41.782804+00:00,0,0
A5064908728,A5064908728,,Song Hyun Jo,Song Hyun Jo|Song Jo,https://openalex.org/A5064908728,verified,1.0,provided_openalex_id,I157485424,Korea Advanced Institute of Science and Technology,Korea Advanced Institute of Science and Technology,KR,education,6,OpenAlex,114,3,2010,2023,14,0,1,19.0,-1.0,1,5,0,0,0,0,0,0,0,0,0,0,0,0,1,1,0,2,2023,13,7,OpenAlex,71,1.0,100.0,20260731T085741Z,1.1.0,1.1,1.1,2026-07-31T08:57:41.782804+00:00,0,0
A5067428277,A5067428277,0000-0002-4368-6685,Hyung‐Jun Im,"H. Im|H. W. Im|Hyung-Jun Im|Hyung-jun Im|Hyung‐Jun Im|Im, Hyung-Jun",https://openalex.org/A5067428277,verified,1.0,provided_openalex_id,I118373667,Seoul National University of Science and Technology,Seoul National University of Science and Technology,KR,education,165,OpenAlex,4657,37,2001,2026,26,33,62,28.2242,-0.1951,1,53,1,12,1,10,1,4,0,0,0,0,0,0,1,3,1,6,2026,548,172,OpenAlex,73,1.0,100.0,20260731T085741Z,1.1.0,1.1,1.1,2026-07-31T08:57:41.782804+00:00,0,0
A5068518101,A5068518101,0000-0001-5161-9864,Tae-Kyung Kim,"Kim, T.-K.|Kim, Tae-Kyung|Kim, Taekyung|T K Kim|T.-K. KIM|T.-K. Kim|T.K. Kim|Tae-Kyung Kim|Taekyung Kim|Tae‐Kyung Kim",https://openalex.org/A5068518101,verified,1.0,provided_openalex_id,I123900574,Pohang University of Science and Technology,Pohang University of Science and Technology,KR,education,166,OpenAlex,17834,51,1993,2026,34,23,39,107.4337,-0.1154,1,2,1,9,0,0,0,0,0,0,0,0,0,0,1,1,0,3,2025,841,188,OpenAlex,73,1.0,100.0,20260731T085741Z,1.1.0,1.1,1.1,2026-07-31T08:57:41.782804+00:00,0,0
A5069050806,A5069050806,0000-0002-5396-6533,Seock‐Ah Im,"Im, S.-A.|Im, Seock-Ah|Jee Hyun Kim|S A Im|S Im|S. A. Im|S. Im|S.-A. Im|S.A. IM|S.A. Im|SEOCK-AH IM|Seock-Ah|Seock-Ah IM|Seock-Ah Im|Seock-ah Im|Seock‐Ah IM|Seock‐Ah Im|Seock–Ah Im|Soo-Hyun Im|Su-Mi Im|Tae-You Kim",https://openalex.org/A5069050806,verified,1.0,provided_openalex_id,I139264467,Seoul National University,Seoul National University,KR,education,1146,OpenAlex,70826,99,1970,2026,57,167,438,61.8028,-0.5045,0,0,1,3,0,0,0,0,0,0,0,0,1,1,1,11,1,4,2025,4352,1267,OpenAlex,73,1.0,100.0,20260731T085741Z,1.1.0,1.1,1.1,2026-07-31T08:57:41.782804+00:00,0,0
A5069469573,A5069469573,0000-0001-8767-9033,Kwangil Yim,"K. Yim|KWANGIL YIM|Kwang Il Yim|Kwang-Il Yim|Kwang-il Yim|Kwangil Yim|Yim, Kwangil",https://openalex.org/A5069469573,verified,1.0,provided_openalex_id,I4210106953,The Catholic University of Korea Uijeongbu St. Mary's Hospital,The Catholic University of Korea Uijeongbu St. Mary's Hospital,KR,healthcare,72,OpenAlex,663,15,2010,2026,17,29,44,9.2083,0.1154,0,0,1,4,0,0,0,0,0,0,0,0,0,0,0,0,1,2,2025,221,46,OpenAlex,72,1.0,100.0,20260731T085741Z,1.1.0,1.1,1.1,2026-07-31T08:57:41.782804+00:00,0,0
A5069564463,A5069564463,0000-0002-6607-2117,Ji‐Youn Sung,"J SUNG|J. Sung|J. Y. Sung|JI-YOUN SUNG|Ji-Youn Sung|Jiyoun Sung|Ji‐Youn Sung|Sung J. Ma|Sung, Ji-Youn",https://openalex.org/A5069564463,verified,1.0,provided_openalex_id,I35928602,Kyung Hee University,Kyung Hee University,KR,education,130,OpenAlex,2126,25,1995,2026,32,20,30,16.3538,0.4286,1,10,1,1,1,1,0,0,0,0,0,0,0,0,0,0,1,4,2026,575,107,OpenAlex,73,1.0,100.0,20260731T085741Z,1.1.0,1.1,1.1,2026-07-31T08:57:41.782804+00:00,0,0
A5070011199,A5070011199,0000-0002-2666-2104,Daeun Ryu,D. Ryu|D.B. Ryu|Da-eun Ryu|Daeun Ryu,https://openalex.org/A5070011199,verified,1.0,provided_openalex_id,I94588446,Hongik University,Hongik University,KR,education,88,OpenAlex,1250,13,2012,2026,15,2,58,14.2045,-0.9649,1,6,1,43,1,2,0,0,0,0,0,0,0,0,0,0,0,3,2024,170,31,OpenAlex,73,1.0,100.0,20260731T085741Z,1.1.0,1.1,1.1,2026-07-31T08:57:41.782804+00:00,0,0
A5070538830,A5070538830,0000-0002-5804-8790,Moonsik Kim,MOONSIK KIM|Moonsik Kim|S J Kim|S. J. Kim,https://openalex.org/A5070538830,verified,1.0,provided_openalex_id,I2801673063,Kyungpook National University Hospital,Kyungpook National University Hospital,KR,healthcare,49,OpenAlex,812,13,1995,2026,32,11,25,16.5714,-0.4211,0,0,1,1,0,0,0,0,0,0,0,0,0,0,0,0,1,2,2026,138,36,OpenAlex,72,1.0,100.0,20260731T085741Z,1.1.0,1.1,1.1,2026-07-31T08:57:41.782804+00:00,0,0
A5071885891,A5071885891,0000-0002-5400-0466,Won Seog Kim,"Kim, Won Seog|Seok Jin Kim|W S Kim|WON SEOG KIM|Won Seog Kim|Won Seog kim|Won-Seog Kim",https://openalex.org/A5071885891,verified,1.0,provided_openalex_id,I2802194831,Samsung Medical Center,Samsung Medical Center,KR,healthcare,765,OpenAlex,20504,66,1997,2026,30,91,186,26.8026,-0.3767,0,0,1,2,0,0,0,0,0,0,0,0,0,0,0,0,1,2,2025,2764,1082,OpenAlex,72,1.0,100.0,20260731T085741Z,1.1.0,1.1,1.1,2026-07-31T08:57:41.782804+00:00,0,0
A5072381269,A5072381269,0000-0002-9599-4970,Sun‐ju Byeon,"Byeon SJ|Byeon, Sun-Ju|SUN-JU BYEON|Sun Ju Byeon|Sun-Ju Byeon|Sun-ju Byeon|Sunju Byeon|Sun‐Ju Byeon|Sun‐ju Byeon",https://openalex.org/A5072381269,verified,1.0,provided_openalex_id,I4210119120,Daejeon Sun Hospital,Daejeon Sun Hospital,KR,healthcare,75,OpenAlex,1132,20,2011,2025,15,3,17,15.0933,-0.85,0,0,1,1,0,0,0,0,0,0,0,0,0,0,0,0,0,1,2025,409,81,OpenAlex,72,1.0,100.0,20260731T085741Z,1.1.0,1.1,1.1,2026-07-31T08:57:41.782804+00:00,0,0
A5073268857,A5073268857,0000-0002-6694-9177,Chung Whan Lee,"Chung Whan Lee|Chung Whan Lee|Lee, Chung Whan",https://openalex.org/A5073268857,verified,1.0,provided_openalex_id,I12832649,Gachon University,Gachon University,KR,education,26,OpenAlex,307,11,2009,2026,18,8,13,11.8077,0.6,1,5,1,4,0,0,0,0,0,0,0,0,0,0,1,1,0,3,2026,63,20,OpenAlex,73,1.0,100.0,20260731T085741Z,1.1.0,1.1,1.1,2026-07-31T08:57:41.782804+00:00,0,0
A5073934092,A5073934092,0000-0001-8097-4662,Jae Myoung Suh,J. M. Suh|J.M. Suh|JAE MYOUNG SUH|Jae M. Suh|Jae Myoung Suh|Jae Myoung Suh,https://openalex.org/A5073934092,verified,1.0,provided_openalex_id,I157485424,Korea Advanced Institute of Science and Technology,Korea Advanced Institute of Science and Technology,KR,education,68,OpenAlex,7242,29,1996,2026,31,8,23,106.5,-0.6,0,0,1,4,0,0,0,0,0,0,0,0,0,0,1,1,0,2,2025,458,129,OpenAlex,73,1.0,100.0,20260731T085741Z,1.1.0,1.1,1.1,2026-07-31T08:57:41.782804+00:00,0,0
A5074483970,A5074483970,0000-0002-6323-0714,Cheorl‐Ho Kim,C H Kim|C KIM|C Kim|C-H Kim|C. H. KIM|C. H. Kim|C.-H. KIM|C.-H. Kim|C.H. Kim|CH Kim|CHEORL-HO KIM|CHEORL‐HO KIM|Ch Kim|Ch. Kim|Cheorl Ho KIM|Cheorl Ho Kim|Cheorl-Ho KIM|Cheorl-Ho Kim|Cheorl-Ho Kim (436162)|Cheorl-Ho Kims|Cheorl-ho KIM|Cheorl‐Ho Kim|Chul Ho Kim|Kyoung-Sook Kim,https://openalex.org/A5074483970,verified,1.0,provided_openalex_id,I848706,Sungkyunkwan University,Sungkyunkwan University,KR,education,801,OpenAlex,15605,62,1966,2026,61,70,105,19.4819,0.5556,0,0,0,0,0,0,0,0,0,0,0,0,0,0,1,4,1,2,2025,1569,263,OpenAlex,73,1.0,100.0,20260731T085741Z,1.1.0,1.1,1.1,2026-07-31T08:57:41.782804+00:00,0,0
A5074645251,A5074645251,0000-0001-7948-1350,Jung‐Yun Lee,J.-Y. Lee|JUNG-YUN LEE|Jung Lee|Jung Yoon Lee|Jung Yun Lee|Jung-Yun Lee|JungYun Lee|Jungyun LEE|Jung‐Yun Lee,https://openalex.org/A5074645251,verified,1.0,provided_openalex_id,I193775966,Yonsei University,Yonsei University,KR,education,608,OpenAlex,8443,43,1990,2026,37,181,375,13.8865,-0.2026,0,0,1,4,0,0,0,0,0,0,0,0,0,0,0,0,1,2,2025,1481,644,OpenAlex,73,1.0,100.0,20260731T085741Z,1.1.0,1.1,1.1,2026-07-31T08:57:41.782804+00:00,0,0
A5076943605,A5076943605,0000-0002-5619-2430,Eunsung Jun,E. Sadatsune JUN|EUNSUNG JUN|Eun-Sung Jun|Eunsung JUN|Eunsung Jun,https://openalex.org/A5076943605,verified,1.0,provided_openalex_id,I116631150,Ulsan College,Ulsan College,KR,education,120,OpenAlex,1845,25,2000,2026,27,21,54,15.375,-0.6316,0,0,1,5,0,0,0,0,0,0,0,0,1,1,1,1,0,3,2026,458,107,OpenAlex,73,1.0,100.0,20260731T085741Z,1.1.0,1.1,1.1,2026-07-31T08:57:41.782804+00:00,0,0
A5077187526,A5077187526,0000-0002-9288-6341,Gyeong Dae Kim,Gyeong Dae Kim,https://openalex.org/A5077187526,verified,1.0,provided_openalex_id,I136199984,Harvard University,Harvard University,US,education,9,OpenAlex,814,5,2021,2026,6,7,8,90.4444,2.5,1,1,1,16,0,0,0,0,0,0,0,0,0,0,0,0,0,2,2026,85,29,OpenAlex,72,1.0,100.0,20260731T085741Z,1.1.0,1.1,1.1,2026-07-31T08:57:41.782804+00:00,0,0
A5080393838,A5080393838,0000-0003-4786-4749,Nirmali Sharma,Nirmali Sharma,https://openalex.org/A5080393838,verified,1.0,provided_openalex_id,I139264467,Seoul National University,Seoul National University,KR,education,6,OpenAlex,60,4,2021,2024,4,2,5,10.0,-0.5,0,0,0,0,0,0,0,0,0,0,0,0,0,0,0,0,0,0,,18,6,OpenAlex,72,1.0,100.0,20260731T085741Z,1.1.0,1.1,1.1,2026-07-31T08:57:41.782804+00:00,0,0
A5080425676,A5080425676,0000-0003-0765-9812,Dong‐Youn Lee,D Lee|D.Y. Lee|DONG-YOUN LEE|DONG‐YOUN LEE|Dong-Youn Lee|Dong-Youn Lee MD|Dongyoun Lee|Dong‐Youn LEE|Dong‐Youn Lee,https://openalex.org/A5080425676,verified,1.0,provided_openalex_id,I2802194831,Samsung Medical Center,Samsung Medical Center,KR,healthcare,235,OpenAlex,3328,31,1996,2025,30,19,42,14.1617,-0.4412,1,7,1,15,0,0,0,0,0,0,0,0,0,0,1,1,1,4,2024,428,119,OpenAlex,72,1.0,100.0,20260731T085741Z,1.1.0,1.1,1.1,2026-07-31T08:57:41.782804+00:00,0,0
A5083630059,A5083630059,0000-0001-6412-3067,An Na Seo,"A N Seo|A. N. Seo|A. Seo|A.N. Seo|AN NA SEO|AN Seo|An Na Seo|An Na Seo|Arim Seo|Seo, A.N.|Seo, Ara",https://openalex.org/A5083630059,verified,1.0,provided_openalex_id,I2801673063,Kyungpook National University Hospital,Kyungpook National University Hospital,KR,healthcare,160,OpenAlex,3584,31,2011,2026,16,19,44,22.4,-0.4571,0,0,1,1,0,0,0,0,0,0,0,0,0,0,0,0,1,2,2026,541,125,OpenAlex,72,1.0,100.0,20260731T085741Z,1.1.0,1.1,1.1,2026-07-31T08:57:41.782804+00:00,0,0
A5084508227,A5084508227,0000-0001-8361-8401,Jai Hee Bae,Jai Hee Bae,https://openalex.org/A5084508227,verified,1.0,provided_openalex_id,I2802194831,Samsung Medical Center,Samsung Medical Center,KR,healthcare,11,OpenAlex,147,4,2020,2024,5,1,10,13.3636,-0.8889,1,1,1,5,0,0,0,0,0,0,0,0,0,0,0,0,0,2,2022,31,10,OpenAlex,72,1.0,100.0,20260731T085741Z,1.1.0,1.1,1.1,2026-07-31T08:57:41.782804+00:00,0,0
A5085902390,A5085902390,0000-0003-1881-9869,Eun Jung Choi,Eun Jung Choi|Eun-Jung Choi,https://openalex.org/A5085902390,verified,1.0,provided_openalex_id,I31419693,Kyungpook National University,Kyungpook National University,KR,education,20,OpenAlex,485,7,2009,2025,17,4,8,24.25,0.0,0,0,0,0,0,0,0,0,0,0,0,0,0,0,0,0,0,0,,107,40,OpenAlex,72,1.0,100.0,20260731T085741Z,1.1.0,1.1,1.1,2026-07-31T08:57:41.782804+00:00,0,0
A5087294413,A5087294413,0000-0002-2676-9454,Sungwoong Kim,"Kim, Sungwoong|Sungwoong Kim",https://openalex.org/A5087294413,verified,1.0,provided_openalex_id,I197347611,Korea University,Korea University,KR,education,87,OpenAlex,4029,25,1999,2026,28,26,40,46.3103,0.3,1,2,1,1,0,0,0,0,1,1,0,0,0,0,1,1,0,4,2025,348,122,OpenAlex,73,1.0,100.0,20260731T085741Z,1.1.0,1.1,1.1,2026-07-31T08:57:41.782804+00:00,0,0
A5089359189,A5089359189,0000-0001-9786-5286,Eunhye Yeo,Eunhye Yeo,https://openalex.org/A5089359189,verified,1.0,provided_openalex_id,I2250650973,Samsung (South Korea),Samsung (South Korea),KR,company,9,OpenAlex,185,5,2019,2024,6,3,8,20.5556,-0.4,1,4,1,9,0,0,0,0,0,0,0,0,0,0,0,0,0,2,2024,22,4,OpenAlex,72,1.0,100.0,20260731T085741Z,1.1.0,1.1,1.1,2026-07-31T08:57:41.782804+00:00,0,0
A5090481007,A5090481007,0000-0001-5123-0322,Hae‐Ock Lee,"HAE‐OCK LEE|Hae-Ock Lee|Hae-ock Lee|Hae‐Ock Lee|Hae‐ock Lee|Hae–Ock Lee|Hyunsook Lee|Lee Hae‐Ock|Lee, Hae-Ock",https://openalex.org/A5090481007,verified,1.0,provided_openalex_id,I87111246,Catholic University of Korea,Catholic University of Korea,KR,education,161,OpenAlex,6634,31,1996,2026,31,19,67,41.205,-0.62,1,1,1,255,0,0,0,0,0,0,0,0,0,0,1,2,1,4,2026,459,90,OpenAlex,73,1.0,100.0,20260731T085741Z,1.1.0,1.1,1.1,2026-07-31T08:57:41.782804+00:00,0,0
A5100348070,A5100348070,0000-0003-3202-750X,Nayoung Kim,NAYOUNG KIM|Na-Young Kim|Nayoung Kim,https://openalex.org/A5100348070,verified,1.0,provided_openalex_id,I157485424,Korea Advanced Institute of Science and Technology,Korea Advanced Institute of Science and Technology,KR,education,103,OpenAlex,3748,22,2008,2024,17,17,62,36.3883,-0.6458,1,1,1,92,0,0,0,0,0,0,0,0,0,0,0,0,0,2,2024,355,93,OpenAlex,73,1.0,100.0,20260731T085741Z,1.1.0,1.1,1.1,2026-07-31T08:57:41.782804+00:00,0,0
A5100380876,A5100380876,0000-0002-7667-9588,Jin Kim,"J Kim|Jin Kim|Kim, Jin",https://openalex.org/A5100380876,verified,1.0,provided_openalex_id,I141371507,Soongsil University,Soongsil University,KR,education,151,OpenAlex,5653,35,1993,2026,34,7,22,37.4371,-0.65,1,4,1,10,0,0,0,0,0,0,0,0,0,0,1,1,0,3,2025,758,160,OpenAlex,73,1.0,100.0,20260731T085741Z,1.1.0,1.1,1.1,2026-07-31T08:57:41.782804+00:00,0,0
A5100406800,A5100406800,,Eun Ji Lee,Eun Ji Lee,https://openalex.org/A5100406800,verified,1.0,provided_openalex_id,I139264467,Seoul National University,Seoul National University,KR,education,17,OpenAlex,71,4,2011,2024,14,3,11,4.1765,-0.7273,1,4,0,0,1,1,0,0,0,0,0,0,0,0,0,0,0,2,2024,38,14,OpenAlex,71,1.0,100.0,20260731T085741Z,1.1.0,1.1,1.1,2026-07-31T08:57:41.782804+00:00,0,0
A5100436303,A5100436303,0000-0002-8832-3052,Dae Ho Lee,DAE HO LEE|Dae Ho Lee|Dae Ho  Lee,https://openalex.org/A5100436303,verified,1.0,provided_openalex_id,I4210117633,Shinhwa Medical (South Korea),Shinhwa Medical (South Korea),KR,company,60,OpenAlex,1577,23,2001,2026,26,10,21,26.2833,-0.4737,0,0,0,0,0,0,0,0,0,0,0,0,0,0,1,2,0,1,2022,327,142,OpenAlex,72,1.0,100.0,20260731T085741Z,1.1.0,1.1,1.1,2026-07-31T08:57:41.782804+00:00,0,0
A5100436321,A5100436321,0000-0003-1627-6557,Dong Soo Lee,"D. S. LEE|D.S. LEE|D.S. Lee|Dong Soo Lee|Dong Soo Lee|Dong Soo Lee|Lee, Dong Soo",https://openalex.org/A5100436321,verified,1.0,provided_openalex_id,I123900574,Pohang University of Science and Technology,Pohang University of Science and Technology,KR,education,236,OpenAlex,5218,40,1986,2025,40,8,25,22.1102,-0.7143,1,27,1,22,1,2,0,0,0,0,1,2,0,0,0,0,0,4,2024,543,129,OpenAlex,73,1.0,100.0,20260731T085741Z,1.1.0,1.1,1.1,2026-07-31T08:57:41.782804+00:00,0,0
A5100625452,A5100625452,0000-0003-4522-9928,Jeong Hwan Park,"J H Park|J. H. PARK|J. H. Park|J.-H. Park|J.H Park|J.H. Park|JEONG-HWAN PARK|Jeong -Hwan Park|Jeong Hwan Park|Jeong Whan Park|Jeong-Hwan Park|Jeong-Whan Park|Jeong-hwan Park|Jeonghwan Park|Jeong Hwan Park|Jeong‐Hwan Park|Jeong‐hwan Park|Park, Jeong Hwan|Park, Jeong-hwan",https://openalex.org/A5100625452,verified,1.0,provided_openalex_id,I4210120052,National Cancer Center,National Cancer Center,KR,healthcare,217,OpenAlex,3468,29,1988,2026,39,41,75,15.9816,-0.0889,1,7,0,0,0,0,0,0,0,0,0,0,0,0,0,0,1,2,2025,1094,242,OpenAlex,72,1.0,100.0,20260731T085741Z,1.1.0,1.1,1.1,2026-07-31T08:57:41.782804+00:00,0,0
A5100626021,A5100626021,0000-0001-6828-401X,Dongjun Lee,"D Lee|Dong Jun Lee|Dong-Jun LEE|Dong-Jun Lee|Dong-jun Lee|Dongjun LEE|Dongjun Lee|Dong‐Jun Lee|Lee, Dong-Jun|Lee, Dongjun",https://openalex.org/A5100626021,verified,1.0,provided_openalex_id,I139264467,Seoul National University,Seoul National University,KR,education,233,OpenAlex,5962,33,1998,2026,29,48,88,25.588,-0.1579,1,2,1,14,1,1,0,0,0,0,0,0,0,0,0,0,1,4,2025,941,228,OpenAlex,73,1.0,100.0,20260731T085741Z,1.1.0,1.1,1.1,2026-07-31T08:57:41.782804+00:00,0,0
A5100713453,A5100713453,0000-0003-0077-1924,Sunmin Kim,Sun-Min Kim|Sunmin Kim,https://openalex.org/A5100713453,verified,1.0,provided_openalex_id,I87111246,Catholic University of Korea,Catholic University of Korea,KR,education,21,OpenAlex,218,6,2000,2026,27,4,6,10.381,0.3333,1,6,1,2,1,2,0,0,0,0,0,0,0,0,0,0,0,3,2026,100,26,OpenAlex,73,1.0,100.0,20260731T085741Z,1.1.0,1.1,1.1,2026-07-31T08:57:41.782804+00:00,0,0
A5100719073,A5100719073,0000-0002-7993-9701,Tae‐Min Kim,"Kim, Tae-Min|Kim, Tae-Min;Yeo, Ji-Young;Park, Chan-Sun;Rhee, Moon-Soo;Jung, Myeong-Ho;|Kim, Taemin|T. M. Kim|T.-M. Kim|Tae Kim|Tae Min Kim|Tae-Min KIM|Tae-Min Kim|Tae-min Kim|Taemin Kim|Tae‐Min Kim|Tae–Min Kim",https://openalex.org/A5100719073,verified,1.0,provided_openalex_id,I1313458441,Catholic Medical Center,Catholic Medical Center,US,healthcare,347,OpenAlex,8421,51,2002,2026,25,42,160,24.268,-0.6557,1,7,1,19,1,2,0,0,0,0,0,0,0,0,0,0,1,4,2026,1198,315,OpenAlex,71,1.0,100.0,20260731T085741Z,1.1.0,1.1,1.1,2026-07-31T08:57:41.782804+00:00,0,0
A5100723831,A5100723831,0000-0003-4183-4338,Seungchan Kim,"Kim, Seungchan|S. Kim|SEUNGCHAN KIM|Seungchan Kim",https://openalex.org/A5100723831,verified,1.0,provided_openalex_id,I4210092004,Plastic Surgery Hospital,Plastic Surgery Hospital,CN,healthcare,229,OpenAlex,8588,39,1987,2025,39,9,47,37.5022,-0.7955,0,0,1,48,0,0,0,0,0,0,0,0,0,0,1,1,1,3,2024,985,260,OpenAlex,71,1.0,100.0,20260731T085741Z,1.1.0,1.1,1.1,2026-07-31T08:57:41.782804+00:00,0,0
A5100726747,A5100726747,0000-0003-3650-4932,Sumin Lee,Sumin LEE|Sumin Lee,https://openalex.org/A5100726747,verified,1.0,provided_openalex_id,I1335415512,Korea Meteorological Administration,Korea Meteorological Administration,KR,government,39,OpenAlex,423,11,2016,2026,11,13,29,10.8462,-0.3158,1,15,1,12,0,0,1,12,0,0,0,0,0,0,0,0,1,4,2026,175,62,OpenAlex,72,1.0,100.0,20260731T085741Z,1.1.0,1.1,1.1,2026-07-31T08:57:41.782804+00:00,0,0
A5100740580,A5100740580,0000-0002-5728-912X,Jihwan Park,"J Park|J. Park|JIHWAN PARK|Jihwan Park|Jihwan Park Jihwan Park|Jiwhan Park|Joon Seok Park|Park, Jihwan",https://openalex.org/A5100740580,verified,1.0,provided_openalex_id,I39534123,Gwangju Institute of Science and Technology,Gwangju Institute of Science and Technology,KR,education,202,OpenAlex,8986,38,1998,2026,29,61,104,44.4851,0.1731,1,5,1,159,0,0,0,0,0,0,0,0,1,5,1,11,0,4,2026,981,378,OpenAlex,73,1.0,100.0,20260731T085741Z,1.1.0,1.1,1.1,2026-07-31T08:57:41.782804+00:00,0,0
A5100771881,A5100771881,0000-0002-5869-221X,Jae Eun Lee,Jae Eun LEE|Jae Eun Lee|Jae Eun Lee (9175632),https://openalex.org/A5100771881,verified,1.0,provided_openalex_id,I157485424,Korea Advanced Institute of Science and Technology,Korea Advanced Institute of Science and Technology,KR,education,81,OpenAlex,1516,20,2002,2026,25,16,26,18.716,0.0667,1,6,1,1,0,0,1,8,0,0,0,0,0,0,0,0,0,3,2025,255,70,OpenAlex,73,1.0,100.0,20260731T085741Z,1.1.0,1.1,1.1,2026-07-31T08:57:41.782804+00:00,0,0
A5100772900,A5100772900,0000-0002-6774-1829,Jae Hun Kim,"Ho Young Lim|J.H. Kim|Jae  Hun Kim|Jae Hun Kim|Jae Yun Kim|Jae-Hun Kim|Jae-hun Kim|Jae Hun Kim|Jae‐Hun Kim|Kim, Jae Hun|Kim, Jae-Hun|김재훈",https://openalex.org/A5100772900,verified,1.0,provided_openalex_id,I35928602,Kyung Hee University,Kyung Hee University,KR,education,167,OpenAlex,3540,25,1988,2026,39,13,32,21.1976,-0.4583,0,0,0,0,0,0,0,0,0,0,0,0,0,0,0,0,0,0,,632,191,OpenAlex,72,1.0,100.0,20260731T085741Z,1.1.0,1.1,1.1,2026-07-31T08:57:41.782804+00:00,0,0
A5101260841,A5101260841,,Junseo Seo,Junseo Seo,https://openalex.org/A5101260841,verified,1.0,provided_openalex_id,I141371507,Soongsil University,Soongsil University,KR,education,1,OpenAlex,8,1,2023,2023,1,0,1,8.0,-1.0,1,3,1,7,1,1,0,0,0,0,0,0,0,0,0,0,0,3,2023,5,1,OpenAlex,71,1.0,100.0,20260731T085741Z,1.1.0,1.1,1.1,2026-07-31T08:57:41.782804+00:00,0,0
A5101445353,A5101445353,0000-0003-4156-9212,Yeon Hee Park,"Park, Yeon Hee|Woo Chan Park|Y.H. Park|YEON HEE PARK|Yeon Hee Park|Yoon Ah Park",https://openalex.org/A5101445353,verified,1.0,provided_openalex_id,I2802194831,Samsung Medical Center,Samsung Medical Center,KR,healthcare,394,OpenAlex,17820,49,1997,2026,30,100,217,45.2284,-0.3421,1,8,1,8,1,2,0,0,0,0,0,0,0,0,1,21,1,5,2025,1575,630,OpenAlex,72,1.0,100.0,20260731T085741Z,1.1.0,1.1,1.1,2026-07-31T08:57:41.782804+00:00,0,0
A5101593845,A5101593845,0000-0001-8430-3903,Chan Woo Kim,"Chan Woo Kim|Kim, Chan Woo",https://openalex.org/A5101593845,verified,1.0,provided_openalex_id,I1321686444,Westchester Medical Center,Westchester Medical Center,US,healthcare,110,OpenAlex,3925,33,1985,2025,41,7,11,35.6818,-0.5333,1,1,1,2,0,0,0,0,0,0,0,0,0,0,0,0,0,2,2022,341,102,OpenAlex,71,1.0,100.0,20260731T085741Z,1.1.0,1.1,1.1,2026-07-31T08:57:41.782804+00:00,0,0
A5101638524,A5101638524,0000-0001-7815-8439,Areum Jo,"Areum Jo|Jo A. Van Ginderachter (285905)|Jo, Areum",https://openalex.org/A5101638524,verified,1.0,provided_openalex_id,I87111246,Catholic University of Korea,Catholic University of Korea,KR,education,48,OpenAlex,765,10,2015,2024,10,12,40,15.9375,-0.5714,1,1,1,93,0,0,0,0,0,0,0,0,0,0,0,0,0,2,2024,93,20,OpenAlex,73,1.0,100.0,20260731T085741Z,1.1.0,1.1,1.1,2026-07-31T08:57:41.782804+00:00,0,0
A5101667014,A5101667014,0000-0003-2522-3115,Eunhye Park,Eun-Hye PARK|Eun-Hye Park|Eun-hye Park|Eunhye Park,https://openalex.org/A5101667014,verified,1.0,provided_openalex_id,I138925566,Ewha Womans University,Ewha Womans University,KR,education,110,OpenAlex,1234,18,2000,2025,26,8,29,11.2182,-0.75,1,1,1,2,0,0,0,0,0,0,0,0,0,0,0,0,0,2,2022,310,82,OpenAlex,73,1.0,100.0,20260731T085741Z,1.1.0,1.1,1.1,2026-07-31T08:57:41.782804+00:00,0,0
A5101725413,A5101725413,0000-0003-4878-8733,Seung‐Ah Yoo,S. Yoo|S.A. Yoo|SEUNG-AH YOO|Seung-Ah Yoo|Seung-ah Yoo|Seung‐Ah Yoo|Yoo Seung-Ah,https://openalex.org/A5101725413,verified,1.0,provided_openalex_id,I87111246,Catholic University of Korea,Catholic University of Korea,KR,education,73,OpenAlex,2435,30,2002,2025,24,7,16,33.3562,-0.3,1,1,1,10,0,0,0,0,0,0,0,0,0,0,0,0,0,2,2025,260,84,OpenAlex,73,1.0,100.0,20260731T085741Z,1.1.0,1.1,1.1,2026-07-31T08:57:41.782804+00:00,0,0
A5101765150,A5101765150,0000-0002-6679-6086,Seung Eun Baek,"Baek, Seung Eun|S. Baek|S.E. Baek|S.E. baek|Seung E. Baek|Seung Eun Baek",https://openalex.org/A5101765150,verified,1.0,provided_openalex_id,I4210104335,Institute for Basic Science,Institute for Basic Science,KR,facility,42,OpenAlex,466,12,2013,2025,13,8,16,11.0952,-0.2,1,2,1,2,1,1,0,0,0,0,0,0,0,0,1,3,0,4,2025,151,37,OpenAlex,72,1.0,100.0,20260731T085741Z,1.1.0,1.1,1.1,2026-07-31T08:57:41.782804+00:00,0,0
A5101905019,A5101905019,0000-0002-4670-0390,Jangho Kim,"J. H. Kim|J. Kim|J.H. Kim|J. H. Kim|Jangho KIM|Jangho Kim|Kim, J.|Kim, J. H.|Kim, Jangho",https://openalex.org/A5101905019,verified,1.0,provided_openalex_id,I139264467,Seoul National University,Seoul National University,KR,education,129,OpenAlex,930,17,1986,2025,40,13,29,7.2093,-0.5,0,0,0,0,0,0,0,0,0,0,0,0,0,0,0,0,0,0,,434,99,OpenAlex,72,1.0,100.0,20260731T085741Z,1.1.0,1.1,1.1,2026-07-31T08:57:41.782804+00:00,0,0
A5101966875,A5101966875,0000-0002-2161-4488,Chul‐Ho Kim,C.-H. Kim|Chul-Ho Kim|Chulho Kim|Chul‐Ho Kim|Chul‑Ho Kim,https://openalex.org/A5101966875,verified,1.0,provided_openalex_id,I4210116862,Il-Yang Pharmaceutical (South Korea),Il-Yang Pharmaceutical (South Korea),KR,company,201,OpenAlex,4379,40,1984,2025,42,35,57,21.7861,0.0938,1,2,1,4,1,1,0,0,0,0,0,0,0,0,0,0,1,4,2024,534,121,OpenAlex,72,1.0,100.0,20260731T085741Z,1.1.0,1.1,1.1,2026-07-31T08:57:41.782804+00:00,0,0
A5101984443,A5101984443,0000-0001-8536-1179,Jong Hee Lee,"JONG HEE LEE|Jong Hee LEE|Jong Hee Lee|Jong-Hee Lee|Jong Hee Lee|Jong‐Hee Lee|Lee, Jong Hee",https://openalex.org/A5101984443,verified,1.0,provided_openalex_id,I2250650973,Samsung (South Korea),Samsung (South Korea),KR,company,226,OpenAlex,2748,30,1996,2026,31,34,64,12.1593,-0.1707,1,4,1,13,0,0,0,0,0,0,0,0,0,0,1,1,1,4,2024,471,139,OpenAlex,72,1.0,100.0,20260731T085741Z,1.1.0,1.1,1.1,2026-07-31T08:57:41.782804+00:00,0,0
A5102629578,A5102629578,,Youngmin Chung,"Chung, Youngmin|Y. M. Chung|Youngmin Chung",https://openalex.org/A5102629578,verified,1.0,provided_openalex_id,I848706,Sungkyunkwan University,Sungkyunkwan University,KR,education,4,OpenAlex,153,3,1993,2024,32,2,2,38.25,2.0,1,6,0,0,1,2,0,0,0,0,0,0,0,0,0,0,0,2,2024,7,3,OpenAlex,71,1.0,100.0,20260731T085741Z,1.1.0,1.1,1.1,2026-07-31T08:57:41.782804+00:00,0,0
A5103042371,A5103042371,0000-0002-6941-192X,Sung Ki Lee,"Jeong Ho Lee|Lee, S.K.|Lee, Sung Ki|S.K. Lee|Sung  Ki Lee|Sung K. Lee|Sung Ki Lee|Sungki Lee",https://openalex.org/A5103042371,verified,1.0,provided_openalex_id,I165028127,Konyang University,Konyang University,KR,education,110,OpenAlex,2093,22,1992,2026,35,13,32,19.0273,-0.48,0,0,1,4,0,0,0,0,0,0,0,0,0,0,0,0,0,1,2026,390,99,OpenAlex,73,1.0,100.0,20260731T085741Z,1.1.0,1.1,1.1,2026-07-31T08:57:41.782804+00:00,0,0
A5103233378,A5103233378,0000-0002-5840-1638,Kyo Young Song,K Y Song|K. Song|K. Y. Song|K.Y. Song|KYO YOUNG SONG|Kyo Yong Song|Kyo Young Song|Kyo-Young Song|Kyo-young Song,https://openalex.org/A5103233378,verified,1.0,provided_openalex_id,I4210160144,The Catholic University of Korea Seoul St. Mary's Hospital,The Catholic University of Korea Seoul St. Mary's Hospital,KR,healthcare,288,OpenAlex,9039,47,2003,2026,24,15,43,31.3854,-0.6341,1,3,0,0,1,1,0,0,0,0,0,0,0,0,0,0,0,2,2024,694,233,OpenAlex,72,1.0,100.0,20260731T085741Z,1.1.0,1.1,1.1,2026-07-31T08:57:41.782804+00:00,0,0
A5104189735,A5104189735,,Jaewoo Mo,Jaewoo Mo,https://openalex.org/A5104189735,verified,1.0,provided_openalex_id,I141371507,Soongsil University,Soongsil University,KR,education,3,OpenAlex,9,1,2023,2026,4,2,3,3.0,1.0,1,4,1,7,1,1,0,0,0,0,0,0,0,0,0,0,0,3,2024,23,10,OpenAlex,71,1.0,100.0,20260731T085741Z,1.1.0,1.1,1.1,2026-07-31T08:57:41.782804+00:00,0,0
A5106557026,A5106557026,0000-0001-9006-4881,Young Tae Kim,"J Kim|Jhingook Kim|Jina Kim|Ju Han Kim|Kim, Young Tae|Kim, Young-Tae;Suh, Sang-Ryong;|Kim,Young-Tae|Y KIM|Y T Kim|Y. T. Kim|Y.T. Kim|Y.W. Kim|YOUNG TAE KIM|Yong Tae Kim|Young  Tae Kim|Young Do Kim|Young Ho Kim|Young Jin Kim|Young Kim|Young Mog Shim|Young T Kim|Young T. Kim|Young Tae KIM|Young Tae Kim|Young tae Kim|Young-Tae KIM|Young-Tae Kim|Young-tae Kim|YoungTae Kim|Youngtae Kim|Young Tae Kim|Young‐Tae Kim|Young‐tae Kim",https://openalex.org/A5106557026,verified,1.0,provided_openalex_id,I139264467,Seoul National University,Seoul National University,KR,education,897,OpenAlex,29350,81,1970,2025,56,49,167,32.7202,-0.65,1,34,1,16,1,2,0,0,0,0,1,2,0,0,0,0,1,5,2025,3228,674,OpenAlex,73,1.0,100.0,20260731T085741Z,1.1.0,1.1,1.1,2026-07-31T08:57:41.782804+00:00,0,0
A5107838719,A5107838719,,Klaus‐Robert Müller,"KLAUS-ROBERT MÜLLER|Klaus-Robert Muller|Klaus-Robert Müller|Klaus-Robert Müller|Klaus-robert Muller|Klaus-robert Müller|Klaus‐Robert Müller|Muller, Klaus-Robert|Müller, K.-R.|Müller, Klaus-Robert|Müller, Klaus-Robert 1964-|Müller, N.",https://openalex.org/A5107838719,verified,1.0,provided_openalex_id,I197347611,Korea University,Korea University,KR,education,713,OpenAlex,74826,111,1989,2026,38,52,119,104.9453,-0.5229,0,0,1,11,0,0,0,0,0,0,0,0,0,0,0,0,0,1,2023,1143,369,OpenAlex,71,1.0,100.0,20260731T085741Z,1.1.0,1.1,1.1,2026-07-31T08:57:41.782804+00:00,0,0
A5109170456,A5109170456,,Yee Soo Chae,"Chae, Yee Soo|Maria Coccia-Portugal|YEE SOO CHAE|Yee Soo Chae|Yee Soo Chae",https://openalex.org/A5109170456,verified,1.0,provided_openalex_id,I2801673063,Kyungpook National University Hospital,Kyungpook National University Hospital,KR,healthcare,304,OpenAlex,7632,37,1999,2026,28,44,74,25.1053,0.0476,0,0,1,3,0,0,0,0,0,0,0,0,0,0,0,0,1,2,2026,1497,399,OpenAlex,70,1.0,100.0,20260731T085741Z,1.1.0,1.1,1.1,2026-07-31T08:57:41.782804+00:00,0,0
A5109616230,A5109616230,,Minkyo Jung,"Jung, Minkyo|Min-Kyo Jung|Min-kyo Jung|MinKyo Jung|Minkyo Jung|Min‐Kyo Jung|Min‐kyo Jung",https://openalex.org/A5109616230,verified,1.0,provided_openalex_id,I4210111434,Korea Institute of Machinery & Materials,Korea Institute of Machinery & Materials,KR,facility,68,OpenAlex,1576,19,2007,2026,20,16,34,23.1765,-0.4286,0,0,0,0,0,0,0,0,0,0,0,0,0,0,0,0,0,0,,422,125,OpenAlex,69,1.0,100.0,20260731T085741Z,1.1.0,1.1,1.1,2026-07-31T08:57:41.782804+00:00,0,0
A5110118275,A5110118275,,Chorong Seo,C R Seo|C Seo|Cho-Rong Seo|Chorong Seo,https://openalex.org/A5110118275,verified,1.0,provided_openalex_id,I104338594,Inje University,Inje University,KR,education,22,OpenAlex,398,11,2012,2024,13,5,8,18.0909,0.6667,1,2,1,1,1,1,0,0,0,0,0,0,0,0,0,0,0,3,2024,108,38,OpenAlex,71,1.0,100.0,20260731T085741Z,1.1.0,1.1,1.1,2026-07-31T08:57:41.782804+00:00,0,0
A5110208084,A5110208084,,Hye Jeong Oh,Hye Jeong Oh,https://openalex.org/A5110208084,verified,1.0,provided_openalex_id,I16764540,University of Suwon,University of Suwon,KR,education,37,OpenAlex,608,9,2010,2025,16,4,19,16.4324,-0.75,1,6,1,1,1,2,0,0,0,0,0,0,0,0,0,0,0,3,2024,73,31,OpenAlex,71,1.0,100.0,20260731T085741Z,1.1.0,1.1,1.1,2026-07-31T08:57:41.782804+00:00,0,0
A5110948257,A5110948257,0000-0003-4158-9790,Kwon Joong Na,"Kwon J. Na|Kwon Joong Na|Na, Kwon Joong|Na,Kwon Joong",https://openalex.org/A5110948257,verified,1.0,provided_openalex_id,I139264467,Seoul National University,Seoul National University,KR,education,170,OpenAlex,1481,19,2012,2026,15,87,121,8.7118,0.9333,1,94,1,50,1,23,1,16,0,0,1,2,0,0,0,0,1,6,2026,310,91,OpenAlex,73,1.0,100.0,20260731T085741Z,1.1.0,1.1,1.1,2026-07-31T08:57:41.782804+00:00,0,0
A5111031978,A5111031978,,Cho Hyun Hwang,Cho Hyun Hwang,https://openalex.org/A5111031978,verified,1.0,provided_openalex_id,I35928602,Kyung Hee University,Kyung Hee University,KR,education,2,OpenAlex,10,1,2023,2023,1,0,2,5.0,-1.0,0,0,0,0,0,0,0,0,0,0,0,0,0,0,0,0,0,0,,5,2,OpenAlex,70,1.0,100.0,20260731T085741Z,1.1.0,1.1,1.1,2026-07-31T08:57:41.782804+00:00,0,0
A5111700801,A5111700801,,B. J. Park,B. J. Park|Beomsu Park,https://openalex.org/A5111700801,verified,1.0,provided_openalex_id,I141371507,Soongsil University,Soongsil University,KR,education,6,OpenAlex,175,2,2004,2026,23,2,3,29.1667,1.0,1,6,1,7,1,4,0,0,0,0,0,0,0,0,0,0,0,3,2026,28,14,OpenAlex,71,1.0,100.0,20260731T085741Z,1.1.0,1.1,1.1,2026-07-31T08:57:41.782804+00:00,0,0
A5112655953,A5112655953,,Dong-Jin Han,Dong-Jin Han,https://openalex.org/A5112655953,verified,1.0,provided_openalex_id,I87111246,Catholic University of Korea,Catholic University of Korea,KR,education,2,OpenAlex,98,2,2021,2024,4,1,1,49.0,0.0,1,3,0,0,1,1,0,0,0,0,0,0,0,0,0,0,0,2,2024,26,8,OpenAlex,71,1.0,100.0,20260731T085741Z,1.1.0,1.1,1.1,2026-07-31T08:57:41.782804+00:00,0,0
A5112850024,A5112850024,,Young Hyeh,Young Hyeh,https://openalex.org/A5112850024,verified,1.0,provided_openalex_id,I848706,Sungkyunkwan University,Sungkyunkwan University,KR,education,1,OpenAlex,43,1,2022,2022,1,0,1,43.0,-1.0,0,0,0,0,0,0,0,0,0,0,0,0,0,0,0,0,0,0,,37,26,OpenAlex,70,1.0,100.0,20260731T085741Z,1.1.0,1.1,1.1,2026-07-31T08:57:41.782804+00:00,0,0
A5113080525,A5113080525,,Seo-Yeong Lee,Seo-Yeong Lee,https://openalex.org/A5113080525,verified,1.0,provided_openalex_id,I193775966,Yonsei University,Yonsei University,KR,education,2,OpenAlex,66,1,2023,2024,2,1,2,33.0,0.0,1,6,0,0,1,2,0,0,0,0,0,0,0,0,0,0,0,2,2024,17,10,OpenAlex,71,1.0,100.0,20260731T085741Z,1.1.0,1.1,1.1,2026-07-31T08:57:41.782804+00:00,0,0
A5113327383,A5113327383,,In-Kyu Lee,In-Kyu Lee,https://openalex.org/A5113327383,verified,1.0,provided_openalex_id,I2801673063,Kyungpook National University Hospital,Kyungpook National University Hospital,KR,healthcare,12,OpenAlex,909,10,2022,2024,3,5,12,75.75,-0.2857,0,0,0,0,0,0,0,0,0,0,0,0,0,0,0,0,0,0,,169,64,OpenAlex,69,1.0,100.0,20260731T085741Z,1.1.0,1.1,1.1,2026-07-31T08:57:41.782804+00:00,0,0
A5114549702,A5114549702,0000-0003-2316-6073,Seungho Lee,SEUNG-HO LEE|Seung-Ho Lee|Seungho Lee,https://openalex.org/A5114549702,verified,1.0,provided_openalex_id,I197347611,Korea University,Korea University,KR,education,32,OpenAlex,279,6,1993,2025,33,23,24,8.7188,22.0,1,4,1,3,1,1,0,0,0,0,0,0,0,0,0,0,0,3,2024,95,41,OpenAlex,73,1.0,100.0,20260731T085741Z,1.1.0,1.1,1.1,2026-07-31T08:57:41.782804+00:00,0,0
A5114626485,A5114626485,0000-0001-9028-6919,Seok‐Hyung Kim,Hyo Jeong Kim|S.H. Kim|SEOK-HYUNG KIM|Seok-Hyung Kim|Seok-Hyung Kim (280362)|Seok-hyung Kim|Seok‐Hyung Kim,https://openalex.org/A5114626485,verified,1.0,provided_openalex_id,I4210134376,CHA University Bundang Medical Center,CHA University Bundang Medical Center,KR,healthcare,111,OpenAlex,2926,31,2001,2026,26,11,35,26.3604,-0.6071,1,1,1,13,0,0,0,0,0,0,0,0,1,4,0,0,1,4,2025,462,84,OpenAlex,72,1.0,100.0,20260731T085741Z,1.1.0,1.1,1.1,2026-07-31T08:57:41.782804+00:00,0,0
