researcher_id,name,institution,commercial_priority_score,tier,segment,research_intelligence_score,technology_adoption_score,key_drivers,considerations
A5100719073,Tae‐Min Kim,Catholic Medical Center,96.80745828966147,Tier S,Strategic Target,98.83473989825363,93.76653587677322,High technology adoption index | High spatial-transcriptomics evidence | Strong single-cell activity | Strong collaboration network | Strong institutional environment,No bottom-quartile consideration among reviewed signals
A5106557026,Young Tae Kim,Seoul National University,94.31321383520275,Tier S,Strategic Target,100.0,85.78303458800686,High technology adoption index | High spatial-transcriptomics evidence | Strong single-cell activity | Strong collaboration network | Strong institutional environment,Low recent research momentum
A5023527433,Sung Hak Lee,LG (United States),91.06343593694437,Tier S,Strategic Target,91.48774803310657,90.42696779270106,High technology adoption index | High spatial-transcriptomics evidence | Strong single-cell activity | Strong collaboration network | Strong institutional environment,No bottom-quartile consideration among reviewed signals
A5057036329,Hongyoon Choi,Seoul National University,87.61204844865219,Tier S,Strategic Target,82.1354351050146,95.82696846410856,High technology adoption index | High spatial-transcriptomics evidence | Strong single-cell activity | Strong collaboration network | Strong institutional environment,No bottom-quartile consideration among reviewed signals
A5027741708,Jaemoon Koh,Seoul National University Hospital,82.43306574797855,Tier S,Strategic Target,76.43169408892962,91.43512323655195,High technology adoption index | High spatial-transcriptomics evidence | Strong single-cell activity | High recent research momentum | Strong institutional environment,No bottom-quartile consideration among reviewed signals
A5110948257,Kwon Joong Na,Seoul National University,82.31582268747732,Tier S,Strategic Target,70.52637114579554,100.0,High technology adoption index | High spatial-transcriptomics evidence | Strong single-cell activity | High recent research momentum | Strong institutional environment,No bottom-quartile consideration among reviewed signals
A5017735770,Hoon Hur,Ajou University,80.53625626179874,Tier S,Strategic Target,80.76895873188347,80.18720255667165,High technology adoption index | High spatial-transcriptomics evidence | Strong single-cell activity | Strong collaboration network,No bottom-quartile consideration among reviewed signals
A5101445353,Yeon Hee Park,Samsung Medical Center,79.92406027378846,Tier S,Strategic Target,78.02973011910535,82.76555550581313,High technology adoption index | High spatial-transcriptomics evidence | Strong collaboration network | Strong institutional environment,No bottom-quartile consideration among reviewed signals
A5053879044,Sungwoo Bae,Seoul National University,78.07599739496972,Tier S,Strategic Target,65.16745070863199,97.43881742447631,High technology adoption index | High spatial-transcriptomics evidence | Strong single-cell activity | High recent research momentum | Strong institutional environment,No bottom-quartile consideration among reviewed signals
A5014147627,Junho K. Hur,Hanyang University,77.52074271387173,Tier S,Strategic Target,74.56124692059251,81.95998640379058,High technology adoption index | High spatial-transcriptomics evidence | Strong collaboration network | Strong institutional environment,No bottom-quartile consideration among reviewed signals
A5030936631,Eun Kyoung Kim,Samsung Medical Center,76.3936575624048,Tier S,Strategic Target,88.10668889420535,58.82411056470398,Strong collaboration network | Strong institutional environment,Low recent research momentum
A5067428277,Hyung‐Jun Im,Seoul National University of Science and Technology,76.13775138358835,Tier S,Strategic Target,74.42899225222975,78.70089008062627,High technology adoption index | High spatial-transcriptomics evidence | Strong single-cell activity,No bottom-quartile consideration among reviewed signals
A5008352862,In Hye Song,Ulsan College,74.20078121174865,Tier S,Strategic Target,79.2487209342702,66.6288716279663,Strong collaboration network | Strong institutional environment,No bottom-quartile consideration among reviewed signals
A5069050806,Seock‐Ah Im,Seoul National University,74.05570253994927,Tier S,Strategic Target,79.68211566512238,65.61608285218958,Strong collaboration network | Strong institutional environment,Limited spatial-transcriptomics evidence
A5011818793,Jin Roh,Ulsan College,73.96007948829983,Tier S,Strategic Target,78.69768751433386,66.85366744924876,High technology adoption index | High spatial-transcriptomics evidence | Strong collaboration network | Strong institutional environment,No bottom-quartile consideration among reviewed signals
A5100740580,Jihwan Park,Gwangju Institute of Science and Technology,72.71873335104456,Tier S,Strategic Target,69.76617320579362,77.14757356892096,High technology adoption index | High spatial-transcriptomics evidence | Strong single-cell activity,No bottom-quartile consideration among reviewed signals
A5100626021,Dongjun Lee,Seoul National University,72.26147854622559,Tier A,Strategic Target,76.10710396237714,66.49304042199824,High technology adoption index | Strong single-cell activity | Strong collaboration network | Strong institutional environment,No bottom-quartile consideration among reviewed signals
A5000858768,Ji‐Hye Park,Samsung Medical Center,71.12639693875242,Tier A,Strategic Target,79.79015755482301,58.130756014646536,High technology adoption index | High spatial-transcriptomics evidence | Strong single-cell activity | Strong collaboration network | Strong institutional environment,Low recent research momentum
A5070011199,Daeun Ryu,Hongik University,70.88166837584038,Tier A,Strategic Target,65.51781909026424,78.92744230420456,High technology adoption index | High spatial-transcriptomics evidence | Strong single-cell activity | High recent research momentum | Strong collaboration network,No bottom-quartile consideration among reviewed signals
A5058349680,Yun Hak Kim,Pusan National University Yangsan Hospital,70.53951871471008,Tier A,Strategic Target,66.96907160560227,75.8951893783718,High technology adoption index | Strong single-cell activity | High recent research momentum | Strong collaboration network | Strong institutional environment,No bottom-quartile consideration among reviewed signals
A5004152384,Joonho Shim,Instituto Benjamin Constant,70.0847677106317,Tier A,Strategic Target,70.52521706740606,69.42409367547016,High technology adoption index | High spatial-transcriptomics evidence | Strong single-cell activity | Strong collaboration network | Strong institutional environment,No bottom-quartile consideration among reviewed signals
A5100436321,Dong Soo Lee,Pohang University of Science and Technology,69.50922001881875,Tier A,Strategic Target,75.23036241322268,60.927506427212876,High technology adoption index | High spatial-transcriptomics evidence | Strong single-cell activity | Strong collaboration network,Low recent research momentum
A5022724648,Chan Kwon Jung,Catholic University of Korea,68.64578515088735,Tier A,Strategic Target,75.38799616937047,58.53246862316266,Strong collaboration network,Low recent research momentum
A5030577122,Joohyuk Sohn,Ulsan College,68.46168606538903,Tier A,Strategic Target,73.75975557579707,60.51458179977697,Strong collaboration network | Strong institutional environment,Limited spatial-transcriptomics evidence
A5045212145,Joo Sang Lee,National Cancer Institute,68.22293466129369,Tier A,Strategic Target,64.9116123756731,73.18991808972456,High technology adoption index | High spatial-transcriptomics evidence | Strong single-cell activity | High recent research momentum | Strong institutional environment,Limited observed collaboration-network signal
A5101966875,Chul‐Ho Kim,Il-Yang Pharmaceutical (South Korea),68.16296209255123,Tier A,Strategic Target,74.38823164578729,58.82505776269714,Strong collaboration network,No bottom-quartile consideration among reviewed signals
A5000694290,Yeun‐Jun Chung,Catholic University of Korea,67.81285419699964,Tier A,Strategic Target,73.38949385250984,59.44789471373431,Strong single-cell activity | Strong collaboration network,No bottom-quartile consideration among reviewed signals
A5024506731,Jun Yong Choi,Korea Advanced Institute of Science and Technology,67.22326198215387,Tier A,Strategic Target,73.34783884717243,58.036396684626055,High technology adoption index | High spatial-transcriptomics evidence | Strong collaboration network,Low recent research momentum
A5052450087,Heounjeong Go,Ulsan College,67.11471281793933,Tier A,Strategic Target,72.17166782811634,59.52928030267384,Strong collaboration network | Strong institutional environment,Limited spatial-transcriptomics evidence
A5059766169,Do‐Youn Oh,Seoul National University Hospital,66.84862299622947,Tier A,Strategic Target,74.54069819887386,55.310510192262896,Strong institutional environment,Limited spatial-transcriptomics evidence
A5071885891,Won Seog Kim,Samsung Medical Center,65.43074403864381,Tier A,Strategic Target,77.23429433343254,47.7254185964607,Strong collaboration network | Strong institutional environment,Low technology evidence | Limited spatial-transcriptomics evidence | Low recent research momentum
A5049348377,Kyung Hae Jung,Ulsan College,65.37095139170985,Tier A,Strategic Target,75.20932173408117,50.61339587815288,Strong collaboration network | Strong institutional environment,Low technology evidence | Limited spatial-transcriptomics evidence
A5080425676,Dong‐Youn Lee,Samsung Medical Center,65.27542250995171,Tier A,Strategic Target,73.19152688564292,53.40126594641489,High technology adoption index | High spatial-transcriptomics evidence | Strong single-cell activity | Strong institutional environment,Low recent research momentum
A5036203067,Jeon Yeob Jang,University of Suwon,64.11647536158893,Tier A,Strategic Target,67.37272438286129,59.232101829680374,Strong collaboration network,No bottom-quartile consideration among reviewed signals
A5114626485,Seok‐Hyung Kim,CHA University Bundang Medical Center,61.98063439036166,Tier A,Strategic Target,66.59847573442951,55.05387237425986,Strong single-cell activity | Strong collaboration network,No bottom-quartile consideration among reviewed signals
A5103233378,Kyo Young Song,The Catholic University of Korea Seoul St. Mary's Hospital,61.78774790121376,Tier A,Academic Leader,72.93899222323455,45.060881418182596,Strong collaboration network,Limited single-cell activity | Low recent research momentum
A5011844783,Jeongbin Park,Seoul National University,61.47158088560079,Tier A,Emerging Adopter,47.63992961105626,82.21905779741758,High technology adoption index | High spatial-transcriptomics evidence | Strong single-cell activity | High recent research momentum | Strong institutional environment,No bottom-quartile consideration among reviewed signals
A5090481007,Hae‐Ock Lee,Catholic University of Korea,61.12631750481268,Tier A,Strategic Target,61.3711709573478,60.75903732601,High technology adoption index | Strong single-cell activity,No bottom-quartile consideration among reviewed signals
A5029278469,In‐Hye Ham,Ajou University,60.94186550322027,Tier A,Strategic Target,62.59489181989494,58.46232602820827,High technology adoption index | High spatial-transcriptomics evidence | Strong single-cell activity,No bottom-quartile consideration among reviewed signals
A5017051670,Kiyuk Chang,The Catholic University of Korea Seoul St. Mary's Hospital,60.38255073266754,Tier A,Strategic Target,66.21953882366904,51.62706859616528,Balanced profile without a dominant top-quartile driver,No bottom-quartile consideration among reviewed signals
A5026578909,Junil Kim,Soongsil University,60.040885637130756,Tier A,Strategic Target,54.89504120140709,67.75965229071626,High technology adoption index | High spatial-transcriptomics evidence | Strong single-cell activity,Limited observed collaboration-network signal | Limited institutional signal
A5007465704,Hae Ryoun Park,Pusan National University,59.56356888102981,Tier A,Strategic Target,62.60653773388603,54.99911560174547,High technology adoption index | Strong single-cell activity | Strong collaboration network,No bottom-quartile consideration among reviewed signals
A5058838920,Seung‐Hyun Jung,Catholic University of Korea,58.09699969878434,Tier A,Strategic Target,64.612599790711,48.32359956089434,Strong single-cell activity,Low recent research momentum
A5100726747,Sumin Lee,Korea Meteorological Administration,57.99120075569404,Tier A,Emerging Adopter,49.10880096318654,71.31480044445529,High technology adoption index | High spatial-transcriptomics evidence | Strong single-cell activity | High recent research momentum | Strong institutional environment,Limited observed collaboration-network signal
A5076943605,Eunsung Jun,Ulsan College,57.92230527126257,Tier A,Strategic Target,62.36725294546298,51.254883759961956,Strong institutional environment,Limited spatial-transcriptomics evidence
A5101984443,Jong Hee Lee,Samsung (South Korea),57.06671268169271,Tier A,Strategic Target,61.28963016661167,50.732336454314265,High technology adoption index | Strong single-cell activity,No bottom-quartile consideration among reviewed signals
A5044769724,Hansong Lee,Pusan National University Yangsan Hospital,56.43448522721275,Tier A,Emerging Adopter,43.92009534449373,75.20607005129126,High recent research momentum | Strong collaboration network | Strong institutional environment,No bottom-quartile consideration among reviewed signals
A5004427808,Taeyun Ku,Korea Advanced Institute of Science and Technology,55.91091953705208,Tier A,Strategic Target,58.336908626586315,52.27193590275072,High spatial-transcriptomics evidence,No bottom-quartile consideration among reviewed signals
A5014354862,Dagyeong Lee,University of Suwon,55.8696219962183,Tier B,Emerging Adopter,47.313778963153105,68.70338654581609,High technology adoption index | High spatial-transcriptomics evidence | High recent research momentum,No bottom-quartile consideration among reviewed signals
A5026459010,Sung‐Bae Kim,University of Ulsan,55.692900371717585,Tier B,Academic Leader,64.17652294120273,42.96746651748985,Balanced profile without a dominant top-quartile driver,Low technology evidence | Limited spatial-transcriptomics evidence | Limited single-cell activity
A5019834339,Sohee Park,Soongsil University,55.44482947708333,Tier B,Academic Leader,65.13414020765549,40.91086338122509,Strong collaboration network,Limited single-cell activity | Low recent research momentum | Limited institutional signal
A5001973152,Yoori Choi,Seoul National University of Science and Technology,55.213269332543256,Tier B,Strategic Target,54.59998967245973,56.133188822668544,High technology adoption index | High spatial-transcriptomics evidence,Limited observed collaboration-network signal
A5110208084,Hye Jeong Oh,University of Suwon,54.98227345001836,Tier B,Strategic Target,53.86465415478674,56.6587023928658,High spatial-transcriptomics evidence,No bottom-quartile consideration among reviewed signals
A5023482684,Minseok Suh,Seoul National University,54.8844606508909,Tier B,Strategic Target,54.30861052924815,55.74823583335502,High spatial-transcriptomics evidence | Strong institutional environment,Limited single-cell activity
A5055121468,Hye Jin Heo,Pusan National University,54.83438714969543,Tier B,Strategic Target,57.487056348548926,50.8553833514152,Strong collaboration network,No bottom-quartile consideration among reviewed signals
A5031068192,Seung‐Woo Cho,Kangwon National University,54.19003867240174,Tier B,Academic Leader,61.675584722109264,42.96171959784046,Balanced profile without a dominant top-quartile driver,Limited spatial-transcriptomics evidence
A5100625452,Jeong Hwan Park,National Cancer Center,54.060826058666024,Tier B,Strategic Target,59.128600868243666,46.45916384429957,High spatial-transcriptomics evidence,Limited single-cell activity
A5050317153,Byeong‐Cheol Ahn,Kyungpook National University Hospital,53.95739693824453,Tier B,Academic Leader,61.14616568917987,43.17424381184152,Balanced profile without a dominant top-quartile driver,Low recent research momentum
A5100380876,Jin Kim,Soongsil University,53.874931772179096,Tier B,Academic Leader,61.07174857005487,43.07970657536544,High technology adoption index,Low recent research momentum | Limited institutional signal
A5114549702,Seungho Lee,Korea University,53.29554080213865,Tier B,Emerging Adopter,45.94819926249285,64.31655311160736,High recent research momentum | Strong collaboration network,No bottom-quartile consideration among reviewed signals
A5101765150,Seung Eun Baek,Institute for Basic Science,53.1681299200947,Tier B,Strategic Target,55.164165994618365,50.17407580830918,Strong collaboration network,No bottom-quartile consideration among reviewed signals
A5038666848,Chang Ho Sohn,Korea Advanced Institute of Science and Technology,52.64038442566371,Tier B,Strategic Target,52.74602569302047,52.48192252462856,High technology adoption index | High spatial-transcriptomics evidence | Strong single-cell activity,No bottom-quartile consideration among reviewed signals
A5038366277,Keun Seok Lee,National Cancer Center,52.47833660417212,Tier B,Academic Leader,57.849357064658754,44.421805913442164,Balanced profile without a dominant top-quartile driver,Low technology evidence | Limited spatial-transcriptomics evidence | Limited single-cell activity
A5033646196,Se Jin Oh,Samsung Medical Center,52.3619984190307,Tier B,Strategic Target,56.464677971037624,46.20797909102031,Strong institutional environment,No bottom-quartile consideration among reviewed signals
A5060938154,Yosep Chong,The Catholic University of Korea Uijeongbu St. Mary's Hospital,52.10018652997345,Tier B,Strategic Target,52.913856035098085,50.879682272286495,Strong single-cell activity,No bottom-quartile consideration among reviewed signals
A5056137004,Hyeseong Lee,Lewis University,51.66409096266173,Tier B,Emerging Adopter,47.79322264300217,57.47039344215107,High recent research momentum,Limited single-cell activity
A5030607871,Sun Wook Cho,New Generation University College,51.59328362039552,Tier B,Academic Leader,55.43366152293993,45.832716766578905,Balanced profile without a dominant top-quartile driver,Limited spatial-transcriptomics evidence
A5028464804,Prakash Gangadaran,Kyungpook National University,51.318877524985275,Tier B,Emerging Adopter,48.80152955457767,55.09489948059668,Balanced profile without a dominant top-quartile driver,Limited observed collaboration-network signal
A5045748813,Ju Hyun Yun,Ewha Womans University,51.30938885573424,Tier B,Emerging Adopter,39.047908249834705,69.70160976458354,High recent research momentum | Strong collaboration network,No bottom-quartile consideration among reviewed signals
A5006671739,Rosalind H. Lee,Gwangju Institute of Science and Technology,50.902762372291754,Tier B,Emerging Adopter,36.205603984710464,72.94849995366368,High technology adoption index | High spatial-transcriptomics evidence | High recent research momentum,No bottom-quartile consideration among reviewed signals
A5042831733,Youngbeen Moon,National Cancer Center,50.86011674778627,Tier B,Emerging Adopter,48.71815531870427,54.073058891409275,Balanced profile without a dominant top-quartile driver,Limited single-cell activity
A5033057281,Yunjung Jin,Ewha Womans University,50.69896707564875,Tier B,Emerging Adopter,40.668880225413275,65.74409735100197,High technology adoption index | High spatial-transcriptomics evidence | High recent research momentum,Limited observed collaboration-network signal
A5109170456,Yee Soo Chae,Kyungpook National University Hospital,50.53106395388998,Tier B,Academic Leader,59.21818963610591,37.50037543056611,Balanced profile without a dominant top-quartile driver,Limited spatial-transcriptomics evidence | Low recent research momentum
A5036338381,In Woong Han,Samsung Medical Center,50.395625234432686,Tier B,Academic Leader,55.274012222939774,43.07804475167207,Strong single-cell activity | Strong institutional environment,Limited spatial-transcriptomics evidence | Limited observed collaboration-network signal
A5100348070,Nayoung Kim,Korea Advanced Institute of Science and Technology,50.1375408594555,Tier B,Emerging Adopter,47.065569338752745,54.74549814050962,Strong single-cell activity,No bottom-quartile consideration among reviewed signals
A5100713453,Sunmin Kim,Catholic University of Korea,50.070460580698196,Tier B,Academic Leader,53.712490503976,44.60741569578149,High technology adoption index | High spatial-transcriptomics evidence,No bottom-quartile consideration among reviewed signals
A5100771881,Jae Eun Lee,Korea Advanced Institute of Science and Technology,49.9472294897702,Tier B,Academic Leader,52.59705539604771,45.972490630353946,High technology adoption index | High spatial-transcriptomics evidence,No bottom-quartile consideration among reviewed signals
A5073934092,Jae Myoung Suh,Korea Advanced Institute of Science and Technology,49.92506623066706,Tier B,Academic Leader,55.75157879468391,41.18529738464179,Balanced profile without a dominant top-quartile driver,Limited spatial-transcriptomics evidence
A5052602817,Sun Shin,Korea Institute of Energy Research,49.33821178411183,Tier B,Academic Leader,53.59570485898669,42.95197217179954,Strong single-cell activity,Limited institutional signal
A5068518101,Tae-Kyung Kim,Pohang University of Science and Technology,49.2675216306891,Tier B,Academic Leader,55.3557651880323,40.1351562946743,Balanced profile without a dominant top-quartile driver,Low recent research momentum | Limited observed collaboration-network signal
A5100723831,Seungchan Kim,Plastic Surgery Hospital,49.03439326127279,Tier B,Academic Leader,56.808409707335116,37.3733685921793,Strong single-cell activity,Limited spatial-transcriptomics evidence | Low recent research momentum | Limited observed collaboration-network signal
A5110118275,Chorong Seo,Inje University,48.75879537778121,Tier C,Low Priority,51.92432883537376,44.0104951913924,Strong collaboration network,No bottom-quartile consideration among reviewed signals
A5046207199,Juyoung Yoon,Ewha Womans University,48.737901221380284,Tier B,Academic Leader,58.271623871370714,34.437317246394635,Balanced profile without a dominant top-quartile driver,Low technology evidence | Limited spatial-transcriptomics evidence | Low recent research momentum | Limited observed collaboration-network signal
A5044524626,Yoo Seob Shin,Yonsei University,48.44308473616345,Tier B,Academic Leader,55.79493184864008,37.41531406744849,Strong collaboration network,Limited single-cell activity | Low recent research momentum | Limited institutional signal
A5101638524,Areum Jo,Catholic University of Korea,47.96890894839835,Tier B,Emerging Adopter,38.939786817461425,61.51259214480373,Strong single-cell activity | High recent research momentum,No bottom-quartile consideration among reviewed signals
A5011272746,Yun‐Gon Kim,Soongsil University,47.917080486105576,Tier B,Academic Leader,57.88826941064079,32.96029709930275,Balanced profile without a dominant top-quartile driver,Limited spatial-transcriptomics evidence | Low recent research momentum | Limited institutional signal
A5040514663,Jinyeong Choi,Korea Exercise Rehabilitation Association,47.86116535607012,Tier B,Emerging Adopter,44.175187150390805,53.390132664589075,High technology adoption index | High spatial-transcriptomics evidence,Limited single-cell activity | Limited institutional signal
A5073268857,Chung Whan Lee,Gachon University,47.79057324128395,Tier B,Emerging Adopter,46.05381114045745,50.3957163925237,High spatial-transcriptomics evidence,No bottom-quartile consideration among reviewed signals
A5074645251,Jung‐Yun Lee,Yonsei University,47.770455511450635,Tier B,Emerging Adopter,45.39101449862765,51.339617030685105,High recent research momentum,Limited spatial-transcriptomics evidence | Limited institutional signal
A5069564463,Ji‐Youn Sung,Kyung Hee University,47.591889166373605,Tier C,Low Priority,50.108446397122684,43.81705332024999,High technology adoption index | High spatial-transcriptomics evidence,Low recent research momentum | Limited institutional signal
A5056969461,Beomseok Jeon,Seoul National University Hospital,47.33812011201316,Tier B,Academic Leader,58.465300321379644,30.64734979796343,Strong institutional environment,Low technology evidence | Limited spatial-transcriptomics evidence | Limited single-cell activity | Limited observed collaboration-network signal
A5028507019,Ik Jun Choi,The Catholic University of Korea Incheon St. Mary's Hospital,47.25802581434732,Tier C,Low Priority,50.23736774581441,42.78901291714668,Balanced profile without a dominant top-quartile driver,No bottom-quartile consideration among reviewed signals
A5101725413,Seung‐Ah Yoo,Catholic University of Korea,46.64006794689228,Tier B,Academic Leader,54.35916834344812,35.06141735205853,Balanced profile without a dominant top-quartile driver,Low recent research momentum
A5084508227,Jai Hee Bae,Samsung Medical Center,46.62160184059548,Tier B,Emerging Adopter,38.601231585175086,58.65215722372608,High recent research momentum | Strong institutional environment,No bottom-quartile consideration among reviewed signals
A5000867275,Hae Seul Lee,Pusan National University Yangsan Hospital,46.51808521220367,Tier B,Emerging Adopter,39.436305711118884,57.14075446383086,High recent research momentum | Strong collaboration network | Strong institutional environment,Limited single-cell activity
A5101667014,Eunhye Park,Ewha Womans University,46.48472159456616,Tier B,Academic Leader,54.14450703097503,34.99504343995286,Balanced profile without a dominant top-quartile driver,Low recent research momentum
A5087294413,Sungwoong Kim,Korea University,46.32445146242168,Tier C,Low Priority,46.77087655489084,45.65481382371793,Balanced profile without a dominant top-quartile driver,Limited observed collaboration-network signal
A5089359189,Eunhye Yeo,Samsung (South Korea),45.764694244045785,Tier B,Emerging Adopter,35.27949215629714,61.49249737566876,High recent research momentum,No bottom-quartile consideration among reviewed signals
A5101593845,Chan Woo Kim,Westchester Medical Center,45.65925967122597,Tier B,Academic Leader,56.80626581297462,28.93875045860299,Balanced profile without a dominant top-quartile driver,Low recent research momentum
A5083630059,An Na Seo,Kyungpook National University Hospital,45.49861909424929,Tier B,Academic Leader,53.43531076245996,33.593581591933294,Balanced profile without a dominant top-quartile driver,Low technology evidence | Limited spatial-transcriptomics evidence
A5009259352,Jamshid Abdul‐Ghafar,Kabul Medical University,45.12739871990893,Tier C,Low Priority,45.00565966230206,45.31000730631924,Strong single-cell activity,Limited spatial-transcriptomics evidence
A5107838719,Klaus‐Robert Müller,Korea University,45.02242783401074,Tier B,Academic Leader,56.25023174521873,28.180721967198764,Balanced profile without a dominant top-quartile driver,Low technology evidence | Limited spatial-transcriptomics evidence | Low recent research momentum | Limited observed collaboration-network signal
A5015062816,Hyunsu An,Gwangju Institute of Science and Technology,44.91170420096328,Tier B,Emerging Adopter,35.356326251681175,59.244771124886434,Strong single-cell activity | High recent research momentum,Limited spatial-transcriptomics evidence | Limited observed collaboration-network signal
A5042100493,Ji Mi Ahn,Ajou University,44.9099638856805,Tier C,Low Priority,48.73662470104356,39.169972662635914,Strong collaboration network,Limited single-cell activity
A5039106930,Huiram Kang,Catholic University of Korea,44.8797061251113,Tier B,Emerging Adopter,30.594365469724767,66.3077171081911,Strong single-cell activity | High recent research momentum,Limited observed collaboration-network signal
A5052722112,Hyun‐Young Cha,Ajou University,44.21094624370514,Tier B,Academic Leader,54.66178091436561,28.53469423771443,Strong collaboration network,Limited single-cell activity | Low recent research momentum
A5054931904,Yoon Ah Cho,Samsung Medical Center,43.48638183034954,Tier C,Low Priority,50.30658486216386,33.25607728262807,Strong institutional environment,Low technology evidence | Limited spatial-transcriptomics evidence | Limited single-cell activity
A5069469573,Kwangil Yim,The Catholic University of Korea Uijeongbu St. Mary's Hospital,43.028388717496384,Tier C,Low Priority,42.12872177572491,44.37788913015359,High recent research momentum,Limited spatial-transcriptomics evidence
A5001441680,Ji Young Mun,Korea Brain Research Institute,42.89892116128879,Tier C,Low Priority,51.028661993317606,30.70430991324557,Balanced profile without a dominant top-quartile driver,Low technology evidence | Limited spatial-transcriptomics evidence | Limited single-cell activity | Limited institutional signal
A5022448366,Sung‐Hyun Jo,Soongsil University,42.1930419535903,Tier C,Low Priority,51.61830275742868,28.055150747832748,Balanced profile without a dominant top-quartile driver,Limited spatial-transcriptomics evidence | Low recent research momentum | Limited institutional signal
A5016008254,Christian Macks,Korea Advanced Institute of Science and Technology,42.067872300184916,Tier C,Low Priority,43.5184761747677,39.89196648831074,High spatial-transcriptomics evidence,Limited single-cell activity
A5100406800,Eun Ji Lee,Seoul National University,41.66426325360745,Tier B,Emerging Adopter,38.5325258960379,46.361869289961774,High recent research momentum | Strong institutional environment,Limited single-cell activity
A5018869966,Sin‐Hee Park,Unknown,41.65398653008698,Tier C,Low Priority,48.77915374415112,30.966235708990787,Balanced profile without a dominant top-quartile driver,Low recent research momentum | Limited institutional signal
A5055913466,Namyoung Jung,Pohang University of Science and Technology,40.64041600298454,Tier C,Low Priority,44.300148635602156,35.15081705405812,Balanced profile without a dominant top-quartile driver,Limited observed collaboration-network signal
A5112655953,Dong-Jin Han,Catholic University of Korea,40.42717392035275,Tier C,Low Priority,40.131040542956015,40.87137398644786,Balanced profile without a dominant top-quartile driver,Limited single-cell activity
A5005712891,Jang Hoon Lee,Kyungpook National University Hospital,40.36148572682191,Tier C,Low Priority,51.23583695502043,24.04995888452413,Balanced profile without a dominant top-quartile driver,Low technology evidence | Limited spatial-transcriptomics evidence | Limited single-cell activity | Low recent research momentum
A5049355350,Seunggeun Lee,Unknown,39.74880101635673,Tier C,Low Priority,45.78470874358542,30.694939425513695,Balanced profile without a dominant top-quartile driver,Low technology evidence | Limited spatial-transcriptomics evidence | Limited single-cell activity | Limited observed collaboration-network signal | Limited institutional signal
A5045410556,Han‐Eol Park,Yonsei University,39.46843655097856,Tier C,Low Priority,41.65483153756165,36.18884407110393,High technology adoption index | High spatial-transcriptomics evidence,Low recent research momentum | Limited institutional signal
A5111700801,B. J. Park,Soongsil University,39.04301558371426,Tier C,Low Priority,35.21184537780132,44.78977089258367,High technology adoption index | High spatial-transcriptomics evidence,Limited observed collaboration-network signal | Limited institutional signal
A5020003410,Jiwon Shim,Chungbuk National University,38.305089830652854,Tier C,Low Priority,36.698048573244954,40.71565171676471,Strong single-cell activity,Limited spatial-transcriptomics evidence | Limited observed collaboration-network signal | Limited institutional signal
A5077187526,Gyeong Dae Kim,Harvard University,38.29479621141657,Tier B,Emerging Adopter,27.90081834819778,53.885763006244744,Strong single-cell activity | High recent research momentum,Limited observed collaboration-network signal
A5113080525,Seo-Yeong Lee,Yonsei University,37.78076461034873,Tier B,Emerging Adopter,21.949031491144684,61.5283642891548,High spatial-transcriptomics evidence | High recent research momentum,Limited single-cell activity | Limited institutional signal
A5011174551,Eunmin Kim,Yonsei University,37.5004967153366,Tier C,Low Priority,34.49818857372969,42.00395892774697,Balanced profile without a dominant top-quartile driver,Limited institutional signal
A5070538830,Moonsik Kim,Kyungpook National University Hospital,37.49727183054069,Tier C,Low Priority,38.8927346016667,35.40407767385167,Balanced profile without a dominant top-quartile driver,Low technology evidence | Limited spatial-transcriptomics evidence | Limited observed collaboration-network signal
A5072381269,Sun‐ju Byeon,Daejeon Sun Hospital,37.39037031904064,Tier C,Low Priority,46.78322799338949,23.301083807517383,Balanced profile without a dominant top-quartile driver,Low technology evidence | Limited spatial-transcriptomics evidence | Low recent research momentum | Limited institutional signal
A5016338335,Soohwan An,Brigham and Women's Hospital,37.17829344008442,Tier C,Low Priority,34.79989576154289,40.7458899578967,High recent research momentum,Low technology evidence | Limited spatial-transcriptomics evidence | Limited single-cell activity
A5074483970,Cheorl‐Ho Kim,Sungkyunkwan University,36.349563541550296,Tier C,Low Priority,46.03083170329148,21.82766129893853,Balanced profile without a dominant top-quartile driver,Limited spatial-transcriptomics evidence | Limited single-cell activity | Low recent research momentum | Limited observed collaboration-network signal | Limited institutional signal
A5064908728,Song Hyun Jo,Korea Advanced Institute of Science and Technology,36.201161457255935,Tier C,Low Priority,43.41584164690283,25.3791411727856,High spatial-transcriptomics evidence,Limited single-cell activity | Low recent research momentum
A5109616230,Minkyo Jung,Korea Institute of Machinery & Materials,35.47469733182549,Tier C,Low Priority,39.11049023247811,30.021007980846566,Balanced profile without a dominant top-quartile driver,Low technology evidence | Limited spatial-transcriptomics evidence | Limited single-cell activity | Limited institutional signal
A5104189735,Jaewoo Mo,Soongsil University,35.28139148491189,Tier B,Emerging Adopter,19.37650630638376,59.1387192527041,High recent research momentum,Limited observed collaboration-network signal | Limited institutional signal
A5003517879,Young‐Koo Jee,Dankook University,34.07587350748199,Tier C,Low Priority,47.89356385937795,13.34933797963805,Balanced profile without a dominant top-quartile driver,Low technology evidence | Limited spatial-transcriptomics evidence | Limited single-cell activity | Low recent research momentum | Limited observed collaboration-network signal | Limited institutional signal
A5101260841,Junseo Seo,Soongsil University,33.52952325330391,Tier B,Emerging Adopter,17.80002539321642,57.12377004343513,High recent research momentum,Limited observed collaboration-network signal | Limited institutional signal
A5019811423,Kisung Nam,Seoul National University,33.151095334667986,Tier C,Low Priority,27.770503398851243,41.221983238393086,High recent research momentum | Strong institutional environment,Low technology evidence | Limited spatial-transcriptomics evidence | Limited single-cell activity | Limited observed collaboration-network signal
A5101905019,Jangho Kim,Seoul National University,32.86411721325042,Tier C,Low Priority,45.25630246511817,14.275839335448792,Strong institutional environment,Low technology evidence | Limited spatial-transcriptomics evidence | Limited single-cell activity | Low recent research momentum | Limited observed collaboration-network signal
A5012763936,Pratyush Kumar Mishra,Seoul National University,32.649095432131425,Tier C,Low Priority,39.447301992306755,22.451785591868433,Strong institutional environment,Low technology evidence | Limited spatial-transcriptomics evidence | Limited single-cell activity
A5043815269,Yong Woo Ji,Yonsei University,32.15581877974205,Tier C,Low Priority,36.75427096697902,25.25814049888659,Balanced profile without a dominant top-quartile driver,Low technology evidence | Limited spatial-transcriptomics evidence | Limited single-cell activity | Limited institutional signal
A5103042371,Sung Ki Lee,Konyang University,31.99266332799026,Tier C,Low Priority,38.82571633730875,21.743083814012536,Balanced profile without a dominant top-quartile driver,Low technology evidence | Limited spatial-transcriptomics evidence | Limited observed collaboration-network signal | Limited institutional signal
A5113327383,In-Kyu Lee,Kyungpook National University Hospital,31.756410707284232,Tier C,Low Priority,23.22228493997454,44.557599358248765,High recent research momentum,Low technology evidence | Limited spatial-transcriptomics evidence | Limited single-cell activity
A5100436303,Dae Ho Lee,Shinhwa Medical (South Korea),31.223511593916946,Tier C,Low Priority,37.09121997851806,22.421949017015272,Balanced profile without a dominant top-quartile driver,Low technology evidence | Limited spatial-transcriptomics evidence | Limited single-cell activity | Limited observed collaboration-network signal | Limited institutional signal
A5056078856,Nishant Thakur,Catholic University of Korea,30.473820392618098,Tier C,Low Priority,41.40449446528805,14.077809283613165,Balanced profile without a dominant top-quartile driver,Low technology evidence | Limited spatial-transcriptomics evidence | Limited single-cell activity | Low recent research momentum
A5052825364,Gyeongjun Kim,Seoul National University,29.83848422863143,Tier C,Low Priority,20.194530564874107,44.30441472426741,High recent research momentum | Strong institutional environment,Low technology evidence | Limited spatial-transcriptomics evidence | Limited observed collaboration-network signal
A5102629578,Youngmin Chung,Sungkyunkwan University,29.82054846271467,Tier C,Low Priority,26.483959091150616,34.825432520060744,High spatial-transcriptomics evidence,Limited single-cell activity | Limited observed collaboration-network signal | Limited institutional signal
A5039165896,Jae Hun Jung,Kyung Hee University,29.670514209654392,Tier C,Low Priority,40.91530495141529,12.803328097013052,Balanced profile without a dominant top-quartile driver,Low technology evidence | Limited spatial-transcriptomics evidence | Limited single-cell activity | Low recent research momentum | Limited institutional signal
A5080393838,Nirmali Sharma,Seoul National University,28.87765841547474,Tier C,Low Priority,25.303972539788578,34.23818722900399,High recent research momentum | Strong institutional environment,Low technology evidence | Limited spatial-transcriptomics evidence | Limited single-cell activity | Limited observed collaboration-network signal
A5020433927,Suran Kim,Yonsei University,28.799990624550215,Tier C,Low Priority,37.44120646324756,15.838166866504194,Balanced profile without a dominant top-quartile driver,Low technology evidence | Limited spatial-transcriptomics evidence | Limited single-cell activity | Low recent research momentum | Limited institutional signal
A5038741908,Kyeong Chan Im,Sungkyunkwan University,28.721103014540383,Tier C,Low Priority,21.043546233422713,40.23743818621689,High spatial-transcriptomics evidence | High recent research momentum,Limited single-cell activity | Limited observed collaboration-network signal | Limited institutional signal
A5038321538,Sungjin Min,Yonsei University,28.673698699998496,Tier C,Low Priority,34.3706322710216,20.12829834346385,Balanced profile without a dominant top-quartile driver,Low technology evidence | Limited spatial-transcriptomics evidence | Limited single-cell activity | Limited institutional signal
A5013823921,Yi Sun Choi,Yonsei University,28.248493977644372,Tier C,Low Priority,35.494531100038145,17.379438294053717,Balanced profile without a dominant top-quartile driver,Low technology evidence | Limited spatial-transcriptomics evidence | Limited single-cell activity | Limited institutional signal
A5031651244,Ji Hun Ha,Sungkyunkwan University,28.17482902611306,Tier C,Low Priority,20.442951065580424,39.77264596691201,High spatial-transcriptomics evidence | High recent research momentum,Limited single-cell activity | Limited observed collaboration-network signal | Limited institutional signal
A5100772900,Jae Hun Kim,Kyung Hee University,26.737706262341167,Tier C,Low Priority,36.77145236628594,11.687087106424007,Balanced profile without a dominant top-quartile driver,Low technology evidence | Limited spatial-transcriptomics evidence | Limited single-cell activity | Low recent research momentum | Limited observed collaboration-network signal | Limited institutional signal
A5009706510,Muhammad Joan Ailia,Pusan National University,26.70647123224953,Tier C,Low Priority,25.01495891344936,29.243739710449784,High recent research momentum,Low technology evidence | Limited spatial-transcriptomics evidence | Limited single-cell activity
A5085902390,Eun Jung Choi,Kyungpook National University,26.674841434934,Tier C,Low Priority,33.4173875240318,16.56102230128729,Balanced profile without a dominant top-quartile driver,Low technology evidence | Limited spatial-transcriptomics evidence | Limited single-cell activity | Limited observed collaboration-network signal
A5060670063,Kyusun Han,Yonsei University,25.453186425101524,Tier C,Low Priority,21.19114039438274,31.846255471179703,High recent research momentum,Low technology evidence | Limited spatial-transcriptomics evidence | Limited single-cell activity | Limited institutional signal
A5060611882,Chang-Mo Yoo,Seoul National University,23.735793313748545,Tier C,Low Priority,15.419164082512617,36.21073716060243,High recent research momentum | Strong institutional environment,Low technology evidence | Limited spatial-transcriptomics evidence | Limited single-cell activity | Limited observed collaboration-network signal
A5050948502,Eungyeong Jang,Kyung Hee University,22.78739033290859,Tier C,Low Priority,31.772807099996008,9.309265182277466,Balanced profile without a dominant top-quartile driver,Low technology evidence | Limited spatial-transcriptomics evidence | Limited single-cell activity | Low recent research momentum | Limited institutional signal
A5062726951,Jungkap Park,Hallym University Sacred Heart Hospital,17.916110864153513,Tier C,Low Priority,29.86018477358919,0.0,Balanced profile without a dominant top-quartile driver,Low technology evidence | Limited spatial-transcriptomics evidence | Limited single-cell activity | Low recent research momentum | Limited observed collaboration-network signal | Limited institutional signal
A5112850024,Young Hyeh,Sungkyunkwan University,13.043834338564622,Tier C,Low Priority,1.7137885574552019,30.03890301022875,High recent research momentum,Low technology evidence | Limited spatial-transcriptomics evidence | Limited single-cell activity | Limited observed collaboration-network signal | Limited institutional signal
A5111031978,Cho Hyun Hwang,Kyung Hee University,11.8704679461476,Tier C,Low Priority,0.0,29.676169865369,High recent research momentum,Low technology evidence | Limited spatial-transcriptomics evidence | Limited single-cell activity | Limited observed collaboration-network signal | Limited institutional signal
